target,PROPERTY: Exp. Density (g/cm$^3$),PROPERTY: Microstructure__extra,PROPERTY: Calculated Density (g/cm$^3$),PROPERTY: Processing method,PROPERTY: Type of test,PROPERTY: Test temperature ($^\circ$C),PROPERTY: Microstructure,FORMULA,PROPERTY: YS (MPa),PROPERTY: Elongation plastic (%),PROPERTY: Processing method__extra,PROPERTY: HV,PROPERTY: UTS (MPa),PROPERTY: Elongation (%)
0.4228187919463087,Experimental density of the alloy is 8.96 g/cm^3.,Atoms arranged in a cube with one at each corner and one at the center. Packing density than FCC ~68%.,Calculated density of the alloy is 9.0 g/cm^3.,Processing method of the alloy is CAST.,The alloy was tested in C test.,Alloy as tested at 1200.0 Celsius.,Microstructure of alloy is BCC.,Alloy's formula is Hf1 Mo0.5 Nb1 Ti1 V0.5.,Yield Strength (YS) of alloy is 60.0MPa.,Unknown,"Liquid material poured into a mold, solidifying to form the casting. Used for complex shapes, especially for metals or materials like epoxy, concrete, plaster, and clay.",Unknown,Unknown,Unknown
0.352159833557047,Experimental density of the alloy is 11.1 g/cm^3.,Atoms arranged in a cube with one at each corner and one at the center. Packing density than FCC ~68%.,Calculated density of the alloy is 11.06162515 g/cm^3.,Unknown,The alloy was tested in C test.,Alloy as tested at 25.0 Celsius.,Microstructure of alloy is BCC.,Alloy's formula is Hf1 Nb1 Ta1 Zr1.,Yield Strength (YS) of alloy is 1315.0MPa.,Unknown,Unknown,Hardness of the alloy is 365.0 in Vickers scale.,Unknown,Unknown
0.3590604026845637,Unknown,Atoms arranged in a cube with one at each corner and one at the center. Packing density than FCC ~68%.,Calculated density of the alloy is 9.9 g/cm^3.,Processing method of the alloy is CAST.,The alloy was tested in T test.,Alloy as tested at 25.0 Celsius.,Microstructure of alloy is BCC.,Alloy's formula is Hf1 Nb1 Ta1 Ti1 Zr1.,Yield Strength (YS) of alloy is 828.0MPa.,Unknown,"Liquid material poured into a mold, solidifying to form the casting. Used for complex shapes, especially for metals or materials like epoxy, concrete, plaster, and clay.",Unknown,Ultimate tensile strength (UTS) of alloy is 862.0MPa.,The alloy has 50.0% elongation.
0.757429272147651,Experimental density of the alloy is 8.2 g/cm^3.,Atoms arranged in a cube with one at each corner and one at the center of each face. Packing density ~74%.,Calculated density of the alloy is 8.175043328 g/cm^3.,Unknown,Unknown,Alloy as tested at 25.0 Celsius.,Microstructure of alloy is FCC.,Alloy's formula is Co1 Cr1 Fe1 Ni1.,Unknown,Unknown,Unknown,Hardness of the alloy is 113.0 in Vickers scale.,Unknown,Unknown
0.6939003677852349,Experimental density of the alloy is 8.5 g/cm^3.,Atoms arranged in a cube with one at each corner and one at the center of each face. Packing density ~74%.,Calculated density of the alloy is 8.524402703 g/cm^3.,Unknown,The alloy was tested in C test.,Alloy as tested at 25.0 Celsius.,Microstructure of alloy is FCC.,Alloy's formula is Co1 Fe1 Ni1.,Yield Strength (YS) of alloy is 209.0MPa.,Unknown,Unknown,Hardness of the alloy is 125.0 in Vickers scale.,Unknown,Unknown
0.4295302013422818,Unknown,Atoms arranged in a cube with one at each corner and one at the center. Packing density than FCC ~68%.,Calculated density of the alloy is 8.7 g/cm^3.,Processing method of the alloy is ANNEAL.,The alloy was tested in C test.,Alloy as tested at 25.0 Celsius.,Microstructure of alloy is BCC.,Alloy's formula is Hf1 Mo1 Nb1 Ti1 Zr1.,Yield Strength (YS) of alloy is 1575.0MPa.,Unknown,"Heat treatment process for alloys. Involves heating to a specific temperature, holding, and controlled cooling. Used to relieve stresses, improve machinability, enhance mechanical properties, and alter microstructure.",Unknown,Ultimate tensile strength (UTS) of alloy is 1640.0MPa.,The alloy has 10.0% elongation.
0.744922949328859,Unknown,Atoms arranged in a cube with one at each corner and one at the center of each face. Packing density ~74%.,Calculated density of the alloy is 8.37944787 g/cm^3.,Processing method of the alloy is ANNEAL.,The alloy was tested in C test.,Unknown,Microstructure of alloy is FCC.,Alloy's formula is Cr1 Fe1 Mo0.1 Ni3.,Unknown,Unknown,"Heat treatment process for alloys. Involves heating to a specific temperature, holding, and controlled cooling. Used to relieve stresses, improve machinability, enhance mechanical properties, and alter microstructure.",Hardness of the alloy is 228.0 in Vickers scale.,Unknown,Unknown
0.6939003677852349,Experimental density of the alloy is 8.525 g/cm^3.,Atoms arranged in a cube with one at each corner and one at the center of each face. Packing density ~74%.,Calculated density of the alloy is 8.524402703 g/cm^3.,Unknown,The alloy was tested in C test.,Alloy as tested at 25.0 Celsius.,Microstructure of alloy is FCC.,Alloy's formula is Co1 Fe1 Ni1.,Yield Strength (YS) of alloy is 208.5MPa.,Unknown,Unknown,Hardness of the alloy is 124.5 in Vickers scale.,Unknown,Unknown
0.3488406416107382,Experimental density of the alloy is 5.5 g/cm^3.,Atoms arranged in a cube with one at each corner and one at the center. Packing density than FCC ~68%.,Calculated density of the alloy is 5.496265861 g/cm^3.,Unknown,Unknown,Alloy as tested at 25.0 Celsius.,Microstructure of alloy is BCC.,Alloy's formula is Al1 Nb1 Ti1 V1.,Yield Strength (YS) of alloy is 1020.0MPa.,Unknown,Unknown,Unknown,Unknown,The alloy has 5.0% elongation.
0.6518796261744967,Experimental density of the alloy is 7.7 g/cm^3.,Atoms arranged in a cube with one at each corner and one at the center of each face. Packing density ~74%.,Calculated density of the alloy is 7.666069343 g/cm^3.,Unknown,Unknown,Alloy as tested at 25.0 Celsius.,Microstructure of alloy is FCC.,Alloy's formula is Al0.3 Co1 Cr1 Cu1 Fe1.,Unknown,Unknown,Unknown,Hardness of the alloy is 180.0 in Vickers scale.,Unknown,Unknown
0.6006711409395973,Unknown,Atoms arranged in a cube with one at each corner and one at the center. Packing density than FCC ~68%.,Calculated density of the alloy is 10.0 g/cm^3.,Processing method of the alloy is ANNEAL.,The alloy was tested in C test.,Alloy as tested at 1000.0 Celsius.,Microstructure of alloy is BCC.,Alloy's formula is Mo1 Nb1 Ta1 Ti1.,Yield Strength (YS) of alloy is 539.0MPa.,Unknown,"Heat treatment process for alloys. Involves heating to a specific temperature, holding, and controlled cooling. Used to relieve stresses, improve machinability, enhance mechanical properties, and alter microstructure.",Unknown,Unknown,Unknown
0.7583892617449665,Unknown,Atoms arranged in a cube with one at each corner and one at the center of each face. Packing density ~74%.,Calculated density of the alloy is 8.2 g/cm^3.,Processing method of the alloy is WROUGHT.,The alloy was tested in T test.,Alloy as tested at -73.0 Celsius.,Microstructure of alloy is FCC.,Alloy's formula is Co1 Cr1 Fe1 Ni1.,Yield Strength (YS) of alloy is 488.0MPa.,Unknown,"Shaping materials through plastic deformation, including rolling, forging, extrusion, or drawing. Commonly applied to metallic alloys for specific shapes, sizes, and mechanical properties.",Unknown,Ultimate tensile strength (UTS) of alloy is 790.0MPa.,The alloy has 85.0% elongation.
0.3362376278523489,Experimental density of the alloy is 6.3 g/cm^3.,Atoms arranged in a cube with one at each corner and one at the center. Packing density than FCC ~68%.,Calculated density of the alloy is 6.458317279 g/cm^3.,Unknown,Unknown,Alloy as tested at 600.0 Celsius.,Microstructure of alloy is BCC.,Alloy's formula is Nb1 Ti1 V1 Zr1.,Yield Strength (YS) of alloy is 834.0MPa.,Unknown,Unknown,Unknown,Unknown,The alloy has 50.0% elongation.
0.4798657718120805,Unknown,Atoms arranged in a cube with one at each corner and one at the center. Packing density than FCC ~68%.,Calculated density of the alloy is 10.2 g/cm^3.,Processing method of the alloy is CAST.,The alloy was tested in C test.,Alloy as tested at 1000.0 Celsius.,Microstructure of alloy is BCC.,Alloy's formula is Hf1 Mo1 Ta1 Ti1 Zr1.,Yield Strength (YS) of alloy is 855.0MPa.,Unknown,"Liquid material poured into a mold, solidifying to form the casting. Used for complex shapes, especially for metals or materials like epoxy, concrete, plaster, and clay.",Unknown,Unknown,The alloy has 30.0% elongation.
0.5245851848993289,Experimental density of the alloy is 6.3 g/cm^3.,Atoms arranged in a cube with one at each corner and one at the center. Packing density than FCC ~68%.,Calculated density of the alloy is 6.271288576 g/cm^3.,Unknown,Unknown,Alloy as tested at 800.0 Celsius.,Microstructure of alloy is BCC.,Alloy's formula is Al2 Co1 Cr1 Cu1 Fe1 Ni1.,Yield Strength (YS) of alloy is 302.0MPa.,Unknown,Unknown,Unknown,Unknown,Unknown
0.3355704697986577,Unknown,Atoms arranged in a cube with one at each corner and one at the center. Packing density than FCC ~68%.,Calculated density of the alloy is 8.4 g/cm^3.,Processing method of the alloy is WROUGHT.,The alloy was tested in C test.,Alloy as tested at -153.0 Celsius.,Microstructure of alloy is BCC.,Alloy's formula is Hf0.5 Nb0.667 Ta0.333 Ti1 Zr0.833.,Yield Strength (YS) of alloy is 1370.0MPa.,Unknown,"Shaping materials through plastic deformation, including rolling, forging, extrusion, or drawing. Commonly applied to metallic alloys for specific shapes, sizes, and mechanical properties.",Unknown,Unknown,Unknown
0.7013422818791947,Experimental density of the alloy is 10.91 g/cm^3.,Atoms arranged in a cube with one at each corner and one at the center. Packing density than FCC ~68%.,Calculated density of the alloy is 11.0 g/cm^3.,Processing method of the alloy is CAST.,The alloy was tested in C test.,Alloy as tested at 23.0 Celsius.,Microstructure of alloy is BCC.,Alloy's formula is Mo1 Nb1 Ta1 Ti1 V1 W1.,Yield Strength (YS) of alloy is 1515.0MPa.,Unknown,"Liquid material poured into a mold, solidifying to form the casting. Used for complex shapes, especially for metals or materials like epoxy, concrete, plaster, and clay.",Unknown,Unknown,Unknown
0.3590604026845637,Unknown,Atoms arranged in a cube with one at each corner and one at the center. Packing density than FCC ~68%.,Calculated density of the alloy is 9.9 g/cm^3.,Processing method of the alloy is WROUGHT.,Unknown,Alloy as tested at 260.0 Celsius.,Microstructure of alloy is BCC.,Alloy's formula is Hf1 Nb1 Ta1 Ti1 Zr1.,Unknown,Unknown,"Shaping materials through plastic deformation, including rolling, forging, extrusion, or drawing. Commonly applied to metallic alloys for specific shapes, sizes, and mechanical properties.",Unknown,Unknown,Unknown
0.5705381969798657,Experimental density of the alloy is 6.6 g/cm^3.,Atoms arranged in a cube with one at each corner and one at the center. Packing density than FCC ~68%.,Calculated density of the alloy is 6.565952966 g/cm^3.,Unknown,Unknown,Alloy as tested at 400.0 Celsius.,Microstructure of alloy is BCC.,Alloy's formula is Al1 Cr1 Mo1 Nb1 Ti1.,Yield Strength (YS) of alloy is 1080.0MPa.,Unknown,Unknown,Unknown,Unknown,The alloy has 2.0% elongation.
0.610738255033557,Unknown,Atoms arranged in a cube with one at each corner and one at the center of each face. Packing density ~74%.,Calculated density of the alloy is 7.5 g/cm^3.,Processing method of the alloy is CAST.,Unknown,Alloy as tested at 25.0 Celsius.,Microstructure of alloy is FCC.,Alloy's formula is Al0.5 Co1 Cr1 Cu1 Fe1 Ni1 Ti0.2.,Unknown,Unknown,"Liquid material poured into a mold, solidifying to form the casting. Used for complex shapes, especially for metals or materials like epoxy, concrete, plaster, and clay.",Hardness of the alloy is 272.0 in Vickers scale.,Unknown,Unknown
0.7692635308724832,Experimental density of the alloy is 12.4 g/cm^3.,Atoms arranged in a cube with one at each corner and one at the center. Packing density than FCC ~68%.,Calculated density of the alloy is 12.37616704 g/cm^3.,Unknown,Unknown,Alloy as tested at 1000.0 Celsius.,Microstructure of alloy is BCC.,Alloy's formula is Mo1 Nb1 Ta1 V1 W1.,Yield Strength (YS) of alloy is 842.0MPa.,Unknown,Unknown,Unknown,Unknown,The alloy has 19.0% elongation.
0.4772326694630873,Experimental density of the alloy is 7.3 g/cm^3.,Atoms arranged in a cube with one at each corner and one at the center. Packing density than FCC ~68%.,Calculated density of the alloy is 7.256075719 g/cm^3.,Unknown,The alloy was tested in C test.,Alloy as tested at 25.0 Celsius.,Microstructure of alloy is BCC.,Alloy's formula is Mo1 Nb1 Ti1 V0.25 Zr1.,Yield Strength (YS) of alloy is 1776.0MPa.,Unknown,Unknown,Unknown,Ultimate tensile strength (UTS) of alloy is 3893.0MPa.,The alloy has 30.0% elongation.
0.4395973154362416,Unknown,Atoms arranged in a cube with one at each corner and one at the center of each face. Packing density ~74%.,Calculated density of the alloy is 5.9 g/cm^3.,Processing method of the alloy is CAST.,The alloy was tested in C test.,Alloy as tested at 25.0 Celsius.,Microstructure of alloy is FCC.,Alloy's formula is Al1 Cu0.889 Fe0.667 Ni0.889 Ti1.,Yield Strength (YS) of alloy is 980.0MPa.,Plastic elongation of the alloy is 7.0%.,"Liquid material poured into a mold, solidifying to form the casting. Used for complex shapes, especially for metals or materials like epoxy, concrete, plaster, and clay.",Hardness of the alloy is 516.0 in Vickers scale.,Ultimate tensile strength (UTS) of alloy is 1326.0MPa.,Unknown
0.4660595295302013,Experimental density of the alloy is 5.5 g/cm^3.,Atoms arranged in a cube with one at each corner and one at the center. Packing density than FCC ~68%.,Calculated density of the alloy is 5.452203263 g/cm^3.,Unknown,Unknown,Alloy as tested at 25.0 Celsius.,Microstructure of alloy is BCC.,Alloy's formula is Al2.8 Co1 Cr1 Cu1 Fe1.,Unknown,Unknown,Unknown,Hardness of the alloy is 657.0 in Vickers scale.,Unknown,Unknown
0.3463353362416108,Experimental density of the alloy is 8.13 g/cm^3.,Atoms arranged in a cube with one at each corner and one at the center. Packing density than FCC ~68%.,Calculated density of the alloy is 8.186719184 g/cm^3.,Processing method of the alloy is CAST.,The alloy was tested in T test.,Alloy as tested at 25.0 Celsius.,Microstructure of alloy is BCC.,Alloy's formula is Hf0.5 Nb0.5 Ta0.5 Ti1.5 Zr1.,Yield Strength (YS) of alloy is 903.0MPa.,Unknown,"Liquid material poured into a mold, solidifying to form the casting. Used for complex shapes, especially for metals or materials like epoxy, concrete, plaster, and clay.",Unknown,Unknown,The alloy has 18.8% elongation.
0.5440052869127516,Experimental density of the alloy is 6.0 g/cm^3.,Atoms arranged in a cube with one at each corner and one at the center. Packing density than FCC ~68%.,Calculated density of the alloy is 6.009026544 g/cm^3.,Unknown,The alloy was tested in C test.,Alloy as tested at 25.0 Celsius.,Microstructure of alloy is BCC.,Alloy's formula is Al1 Co1 Cr1 Fe1 Ni1 Si0.6.,Yield Strength (YS) of alloy is 1834.0MPa.,Unknown,Unknown,Unknown,Ultimate tensile strength (UTS) of alloy is 2195.0MPa.,The alloy has 3.0% elongation.
0.8389261744966443,Unknown,Atoms arranged in a cube with one at each corner and one at the center. Packing density than FCC ~68%.,Calculated density of the alloy is 13.7 g/cm^3.,Processing method of the alloy is CAST.,The alloy was tested in C test.,Alloy as tested at 800.0 Celsius.,Microstructure of alloy is BCC.,Alloy's formula is Mo1 Nb1 Ta1 W1.,Yield Strength (YS) of alloy is 552.0MPa.,Unknown,"Liquid material poured into a mold, solidifying to form the casting. Used for complex shapes, especially for metals or materials like epoxy, concrete, plaster, and clay.",Unknown,Unknown,The alloy has 40.0% elongation.
0.5899712144295302,Experimental density of the alloy is 6.4 g/cm^3.,Atoms arranged in a cube with one at each corner and one at the center. Packing density than FCC ~68%.,Calculated density of the alloy is 6.442487963 g/cm^3.,Unknown,The alloy was tested in C test.,Alloy as tested at 25.0 Celsius.,Microstructure of alloy is BCC.,Alloy's formula is Al1 Co1 Cr1 Fe1 Ni1 Ti0.5.,Yield Strength (YS) of alloy is 2260.0MPa.,Unknown,Unknown,Hardness of the alloy is 178.0 in Vickers scale.,Ultimate tensile strength (UTS) of alloy is 3140.0MPa.,The alloy has 23.0% elongation.
0.4752089872483221,Experimental density of the alloy is 7.205 g/cm^3.,Atoms arranged in a cube with one at each corner and one at the center. Packing density than FCC ~68%.,Calculated density of the alloy is 7.207997756 g/cm^3.,Processing method of the alloy is CAST.,The alloy was tested in C test.,Alloy as tested at 25.0 Celsius.,Microstructure of alloy is BCC.,Alloy's formula is Mo1 Nb1 Ti1 V0.50 Zr1.,Yield Strength (YS) of alloy is 1650.0MPa.,Plastic elongation of the alloy is 18.0%.,"Liquid material poured into a mold, solidifying to form the casting. Used for complex shapes, especially for metals or materials like epoxy, concrete, plaster, and clay.",Unknown,Unknown,The alloy has 28.1% elongation.
0.6342281879194631,Unknown,Atoms arranged in a cube with one at each corner and one at the center. Packing density than FCC ~68%.,Calculated density of the alloy is 9.6 g/cm^3.,Processing method of the alloy is CAST.,The alloy was tested in C test.,Alloy as tested at 25.0 Celsius.,Microstructure of alloy is BCC.,Alloy's formula is Mo1 Ta1 Ti1 V1.,Yield Strength (YS) of alloy is 1221.0MPa.,Unknown,"Liquid material poured into a mold, solidifying to form the casting. Used for complex shapes, especially for metals or materials like epoxy, concrete, plaster, and clay.",Unknown,Ultimate tensile strength (UTS) of alloy is 1454.0MPa.,Unknown
0.7986577181208053,Unknown,Atoms arranged in a cube with one at each corner and one at the center of each face. Packing density ~74%.,Calculated density of the alloy is 8.9 g/cm^3.,Processing method of the alloy is CAST.,The alloy was tested in C test.,Alloy as tested at 25.0 Celsius.,Microstructure of alloy is FCC.,Alloy's formula is Co1 Cr1 Fe1 Ni1 W0.2.,Yield Strength (YS) of alloy is 335.0MPa.,Unknown,"Liquid material poured into a mold, solidifying to form the casting. Used for complex shapes, especially for metals or materials like epoxy, concrete, plaster, and clay.",Hardness of the alloy is 244.0 in Vickers scale.,Unknown,The alloy has 52.0% elongation.
0.4630872483221476,Unknown,Atoms arranged in a cube with one at each corner and one at the center. Packing density than FCC ~68%.,Calculated density of the alloy is 6.9 g/cm^3.,Processing method of the alloy is CAST.,The alloy was tested in C test.,Alloy as tested at 25.0 Celsius.,Microstructure of alloy is BCC.,Alloy's formula is Mo0.333 Nb0.333 Ti0.333 V1 Zr0.333.,Yield Strength (YS) of alloy is 1418.0MPa.,Unknown,"Liquid material poured into a mold, solidifying to form the casting. Used for complex shapes, especially for metals or materials like epoxy, concrete, plaster, and clay.",Unknown,Ultimate tensile strength (UTS) of alloy is 2508.0MPa.,The alloy has 24.0% elongation.
0.6342281879194631,Unknown,Atoms arranged in a cube with one at each corner and one at the center of each face. Packing density ~74%.,Calculated density of the alloy is 7.6 g/cm^3.,Processing method of the alloy is CAST.,Unknown,Alloy as tested at 25.0 Celsius.,Microstructure of alloy is FCC.,Alloy's formula is Al0.5 Co1 Cr1 Cu1 Fe1 Ni1.,Unknown,Unknown,"Liquid material poured into a mold, solidifying to form the casting. Used for complex shapes, especially for metals or materials like epoxy, concrete, plaster, and clay.",Hardness of the alloy is 215.0 in Vickers scale.,Unknown,Unknown
0.5245851848993289,Experimental density of the alloy is 6.3 g/cm^3.,Atoms arranged in a cube with one at each corner and one at the center. Packing density than FCC ~68%.,Calculated density of the alloy is 6.271288576 g/cm^3.,Unknown,Unknown,Alloy as tested at 500.0 Celsius.,Microstructure of alloy is BCC.,Alloy's formula is Al2 Co1 Cr1 Cu1 Fe1 Ni1.,Yield Strength (YS) of alloy is 1120.0MPa.,Unknown,Unknown,Unknown,Unknown,Unknown
0.5664394134228188,Experimental density of the alloy is 7.6 g/cm^3.,Atoms arranged in a cube with one at each corner and one at the center. Packing density than FCC ~68%.,Calculated density of the alloy is 7.588602845 g/cm^3.,Processing method of the alloy is CAST.,The alloy was tested in C test.,Alloy as tested at 25.0 Celsius.,Microstructure of alloy is BCC.,Alloy's formula is Mo2 Nb1 Ti1 V1 Zr1.,Yield Strength (YS) of alloy is 1765.0MPa.,Plastic elongation of the alloy is 12.0%.,"Liquid material poured into a mold, solidifying to form the casting. Used for complex shapes, especially for metals or materials like epoxy, concrete, plaster, and clay.",Unknown,Unknown,The alloy has 12.0% elongation.
0.3597195255033557,Experimental density of the alloy is 7.7 g/cm^3.,Atoms arranged in a cube with one at each corner and one at the center. Packing density than FCC ~68%.,Calculated density of the alloy is 7.706514339 g/cm^3.,Unknown,Unknown,Alloy as tested at 25.0 Celsius.,Microstructure of alloy is BCC.,Alloy's formula is Al0.3 Nb1 Ta0.8 Ti1.4 V0.2 Zr1.3.,Yield Strength (YS) of alloy is 1965.0MPa.,Unknown,Unknown,Unknown,Unknown,The alloy has 5.0% elongation.
0.7692635308724832,Experimental density of the alloy is 12.4 g/cm^3.,Atoms arranged in a cube with one at each corner and one at the center. Packing density than FCC ~68%.,Calculated density of the alloy is 12.37616704 g/cm^3.,Unknown,Unknown,Alloy as tested at 800.0 Celsius.,Microstructure of alloy is BCC.,Alloy's formula is Mo1 Nb1 Ta1 V1 W1.,Yield Strength (YS) of alloy is 846.0MPa.,Unknown,Unknown,Unknown,Unknown,The alloy has 17.0% elongation.
0.6342281879194631,Unknown,Atoms arranged in a cube with one at each corner and one at the center. Packing density than FCC ~68%.,Calculated density of the alloy is 6.0 g/cm^3.,Processing method of the alloy is ANNEAL.,The alloy was tested in C test.,Alloy as tested at 1200.0 Celsius.,Microstructure of alloy is BCC.,Alloy's formula is Al1 Cr1 Mo1 Ti1.,Yield Strength (YS) of alloy is 100.0MPa.,Unknown,"Heat treatment process for alloys. Involves heating to a specific temperature, holding, and controlled cooling. Used to relieve stresses, improve machinability, enhance mechanical properties, and alter microstructure.",Unknown,Unknown,Unknown
0.6302110647651007,Experimental density of the alloy is 6.8 g/cm^3.,Atoms arranged in a cube with one at each corner and one at the center. Packing density than FCC ~68%.,Calculated density of the alloy is 6.803137068 g/cm^3.,Unknown,The alloy was tested in C test.,Alloy as tested at 25.0 Celsius.,Microstructure of alloy is BCC.,Alloy's formula is Al1 Co1 Cr1 Fe1 Mo0.1 Ni1.,Yield Strength (YS) of alloy is 1804.0MPa.,Unknown,Unknown,Unknown,Ultimate tensile strength (UTS) of alloy is 2280.0MPa.,The alloy has 9.0% elongation.
0.5733534348993289,Experimental density of the alloy is 6.2 g/cm^3.,Atoms arranged in a cube with one at each corner and one at the center. Packing density than FCC ~68%.,Calculated density of the alloy is 6.245655305 g/cm^3.,Unknown,Unknown,Alloy as tested at 25.0 Celsius.,Microstructure of alloy is BCC.,Alloy's formula is Al1.5 Co1 Cr1 Fe1 Ni1.,Unknown,Unknown,Unknown,Hardness of the alloy is 517.0 in Vickers scale.,Unknown,Unknown
0.3590604026845637,Unknown,Atoms arranged in a cube with one at each corner and one at the center. Packing density than FCC ~68%.,Calculated density of the alloy is 9.9 g/cm^3.,Processing method of the alloy is CAST.,The alloy was tested in C test.,Alloy as tested at 25.0 Celsius.,Microstructure of alloy is BCC.,Alloy's formula is Hf1 Nb1 Ta1 Ti1 Zr1.,Yield Strength (YS) of alloy is 1073.0MPa.,Unknown,"Liquid material poured into a mold, solidifying to form the casting. Used for complex shapes, especially for metals or materials like epoxy, concrete, plaster, and clay.",Hardness of the alloy is 295.0 in Vickers scale.,Unknown,Unknown
0.7785234899328859,Unknown,Atoms arranged in a cube with one at each corner and one at the center of each face. Packing density ~74%.,Calculated density of the alloy is 8.3 g/cm^3.,Processing method of the alloy is ANNEAL.,The alloy was tested in T test.,Alloy as tested at 25.0 Celsius.,Microstructure of alloy is FCC.,Alloy's formula is Co1 Cr1 Fe1 Mo0.2 Ni1.,Unknown,Unknown,"Heat treatment process for alloys. Involves heating to a specific temperature, holding, and controlled cooling. Used to relieve stresses, improve machinability, enhance mechanical properties, and alter microstructure.",Unknown,Ultimate tensile strength (UTS) of alloy is 802.0MPa.,The alloy has 37.0% elongation.
0.7114093959731543,Unknown,Atoms arranged in a cube with one at each corner and one at the center of each face. Packing density ~74%.,Calculated density of the alloy is 7.7 g/cm^3.,Processing method of the alloy is WROUGHT.,The alloy was tested in T test.,Alloy as tested at 25.0 Celsius.,Microstructure of alloy is FCC.,Alloy's formula is Co0.25 Cr0.25 Fe1 Mn1.,Yield Strength (YS) of alloy is 559.0MPa.,Unknown,"Shaping materials through plastic deformation, including rolling, forging, extrusion, or drawing. Commonly applied to metallic alloys for specific shapes, sizes, and mechanical properties.",Unknown,Ultimate tensile strength (UTS) of alloy is 1004.0MPa.,The alloy has 33.9% elongation.
0.6644295302013423,Unknown,Atoms arranged in a cube with one at each corner and one at the center. Packing density than FCC ~68%.,Calculated density of the alloy is 12.1 g/cm^3.,Processing method of the alloy is ANNEAL.,The alloy was tested in C test.,Alloy as tested at 400.0 Celsius.,Microstructure of alloy is BCC.,Alloy's formula is Nb1 Ta1 Ti1 W1.,Yield Strength (YS) of alloy is 627.0MPa.,Unknown,"Heat treatment process for alloys. Involves heating to a specific temperature, holding, and controlled cooling. Used to relieve stresses, improve machinability, enhance mechanical properties, and alter microstructure.",Unknown,Unknown,Unknown
0.4929050426174496,Experimental density of the alloy is 6.4 g/cm^3.,Atoms arranged in a cube with one at each corner and one at the center. Packing density than FCC ~68%.,Calculated density of the alloy is 6.398950958 g/cm^3.,Unknown,The alloy was tested in C test.,Alloy as tested at 25.0 Celsius.,Microstructure of alloy is BCC.,Alloy's formula is Al1 Mo1 Nb1 Ti1 V1.,Yield Strength (YS) of alloy is 1375.0MPa.,Unknown,Unknown,Hardness of the alloy is 537.0 in Vickers scale.,Unknown,The alloy has 3.0% elongation.
0.6292958567114094,Experimental density of the alloy is 6.485 g/cm^3.,Atoms arranged in a cube with one at each corner and one at the center. Packing density than FCC ~68%.,Calculated density of the alloy is 6.487648344 g/cm^3.,Unknown,The alloy was tested in C test.,Alloy as tested at 25.0 Celsius.,Microstructure of alloy is BCC.,Alloy's formula is Al1 Cr1 Fe1 Mo0.2 Ni1.,Yield Strength (YS) of alloy is 1490.0MPa.,Unknown,Unknown,Hardness of the alloy is 548.5 in Vickers scale.,Unknown,The alloy has 28.7% elongation.
0.738255033557047,Unknown,Unknown,Calculated density of the alloy is 8.0 g/cm^3.,Unknown,Unknown,Unknown,Unknown,Alloy's formula is Co1 Cr1 Fe1 Mn1 Ni1.,Unknown,Unknown,Unknown,Unknown,Unknown,Unknown
0.738255033557047,Unknown,Atoms arranged in a cube with one at each corner and one at the center of each face. Packing density ~74%.,Calculated density of the alloy is 8.0 g/cm^3.,Processing method of the alloy is WROUGHT.,The alloy was tested in C test.,Alloy as tested at 25.0 Celsius.,Microstructure of alloy is FCC.,Alloy's formula is Co1 Cr1 Fe1 Mn1 Ni1.,Yield Strength (YS) of alloy is 1150.0MPa.,Unknown,"Shaping materials through plastic deformation, including rolling, forging, extrusion, or drawing. Commonly applied to metallic alloys for specific shapes, sizes, and mechanical properties.",Hardness of the alloy is 394.1 in Vickers scale.,Unknown,The alloy has 1.1% elongation.
0.3355704697986577,Unknown,Atoms arranged in a cube with one at each corner and one at the center. Packing density than FCC ~68%.,Calculated density of the alloy is 6.6 g/cm^3.,Processing method of the alloy is CAST.,The alloy was tested in C test.,Alloy as tested at 25.0 Celsius.,Microstructure of alloy is BCC.,Alloy's formula is Hf0.25 Nb0.125 Ti1 V0.5 Zr0.5.,Yield Strength (YS) of alloy is 1115.0MPa.,Unknown,"Liquid material poured into a mold, solidifying to form the casting. Used for complex shapes, especially for metals or materials like epoxy, concrete, plaster, and clay.",Hardness of the alloy is 332.4 in Vickers scale.,Unknown,The alloy has 50.0% elongation.
0.8389261744966443,Unknown,Atoms arranged in a cube with one at each corner and one at the center. Packing density than FCC ~68%.,Calculated density of the alloy is 13.7 g/cm^3.,Processing method of the alloy is POWDER.,Unknown,Alloy as tested at 800.0 Celsius.,Microstructure of alloy is BCC.,Alloy's formula is Mo1 Nb1 Ta1 W1.,Unknown,Unknown,"Production and shaping of metallic alloys as powders. Utilizes techniques like powder production, consolidation, and sintering in powder metallurgy. Offers versatility for controlled composition and complex geometries.",Hardness of the alloy is 335.5 in Vickers scale.,Unknown,Unknown
0.7583892617449665,Unknown,Atoms arranged in a cube with one at each corner and one at the center of each face. Packing density ~74%.,Calculated density of the alloy is 8.2 g/cm^3.,Processing method of the alloy is CAST.,The alloy was tested in C test.,Alloy as tested at 25.0 Celsius.,Microstructure of alloy is FCC.,Alloy's formula is Co1 Cr1 Fe1 Ni1.,Yield Strength (YS) of alloy is 163.0MPa.,Unknown,"Liquid material poured into a mold, solidifying to form the casting. Used for complex shapes, especially for metals or materials like epoxy, concrete, plaster, and clay.",Hardness of the alloy is 168.9 in Vickers scale.,Unknown,The alloy has 83.0% elongation.
0.3590604026845637,Unknown,Atoms arranged in a cube with one at each corner and one at the center. Packing density than FCC ~68%.,Calculated density of the alloy is 9.9 g/cm^3.,Processing method of the alloy is WROUGHT.,Unknown,Alloy as tested at 600.0 Celsius.,Microstructure of alloy is BCC.,Alloy's formula is Hf1 Nb1 Ta1 Ti1 Zr1.,Unknown,Unknown,"Shaping materials through plastic deformation, including rolling, forging, extrusion, or drawing. Commonly applied to metallic alloys for specific shapes, sizes, and mechanical properties.",Unknown,Unknown,Unknown
0.6948857902684563,Experimental density of the alloy is 7.5 g/cm^3.,Atoms arranged in a cube with one at each corner and one at the center of each face. Packing density ~74%.,Calculated density of the alloy is 7.519494797 g/cm^3.,Unknown,Unknown,Alloy as tested at 25.0 Celsius.,Microstructure of alloy is FCC.,Alloy's formula is Al0.375 Co1 Cr1 Fe1 Ni1.,Unknown,Unknown,Unknown,Hardness of the alloy is 131.0 in Vickers scale.,Unknown,Unknown
0.3993288590604026,Unknown,Atoms arranged in a cube with one at each corner and one at the center. Packing density than FCC ~68%.,Calculated density of the alloy is 10.9 g/cm^3.,Processing method of the alloy is CAST.,Unknown,Unknown,Microstructure of alloy is BCC.,Alloy's formula is Hf1 Nb1 Ta1 Ti1.,Unknown,Unknown,"Liquid material poured into a mold, solidifying to form the casting. Used for complex shapes, especially for metals or materials like epoxy, concrete, plaster, and clay.",Hardness of the alloy is 270.0 in Vickers scale.,Unknown,Unknown
0.7751677852348994,Unknown,Atoms arranged in a cube with one at each corner and one at the center of each face. Packing density ~74%.,Calculated density of the alloy is 8.6 g/cm^3.,Processing method of the alloy is WROUGHT.,The alloy was tested in T test.,Alloy as tested at 25.0 Celsius.,Microstructure of alloy is FCC.,Alloy's formula is Co1 Cr0.588 Fe0.176 Mo0.176 Ni1.,Yield Strength (YS) of alloy is 950.0MPa.,Unknown,"Shaping materials through plastic deformation, including rolling, forging, extrusion, or drawing. Commonly applied to metallic alloys for specific shapes, sizes, and mechanical properties.",Unknown,Unknown,The alloy has 36.0% elongation.
0.6946308724832215,Unknown,Atoms arranged in a cube with one at each corner and one at the center of each face. Packing density ~74%.,Calculated density of the alloy is 8.5 g/cm^3.,Processing method of the alloy is WROUGHT.,The alloy was tested in T test.,Alloy as tested at 25.0 Celsius.,Microstructure of alloy is FCC.,Alloy's formula is Co1 Fe1 Ni1.,Yield Strength (YS) of alloy is 276.0MPa.,Unknown,"Shaping materials through plastic deformation, including rolling, forging, extrusion, or drawing. Commonly applied to metallic alloys for specific shapes, sizes, and mechanical properties.",Unknown,Ultimate tensile strength (UTS) of alloy is 540.0MPa.,The alloy has 15.0% elongation.
0.7416107382550335,Unknown,Atoms arranged in a cube with one at each corner and one at the center of each face. Packing density ~74%.,Calculated density of the alloy is 8.1 g/cm^3.,Processing method of the alloy is CAST.,The alloy was tested in C test.,Alloy as tested at 25.0 Celsius.,Microstructure of alloy is FCC.,Alloy's formula is Co1 Cr1 Fe1 Mn1 Mo0.042 Ni1.,Yield Strength (YS) of alloy is 225.0MPa.,Unknown,"Liquid material poured into a mold, solidifying to form the casting. Used for complex shapes, especially for metals or materials like epoxy, concrete, plaster, and clay.",Unknown,Unknown,Unknown
0.5604026845637584,Unknown,Atoms arranged in a cube with one at each corner and one at the center of each face. Packing density ~74%.,Calculated density of the alloy is 7.5 g/cm^3.,Processing method of the alloy is CAST.,The alloy was tested in C test.,Alloy as tested at 25.0 Celsius.,Microstructure of alloy is FCC.,Alloy's formula is Al0.333 Co0.333 Cu0.333 Fe0.333 Ni1.,Yield Strength (YS) of alloy is 268.0MPa.,Unknown,"Liquid material poured into a mold, solidifying to form the casting. Used for complex shapes, especially for metals or materials like epoxy, concrete, plaster, and clay.",Hardness of the alloy is 279.6 in Vickers scale.,Unknown,Unknown
0.6352244161073826,Experimental density of the alloy is 7.5 g/cm^3.,Atoms arranged in a cube with one at each corner and one at the center of each face. Packing density ~74%.,Calculated density of the alloy is 7.458566983 g/cm^3.,Unknown,The alloy was tested in C test.,Alloy as tested at 25.0 Celsius.,Microstructure of alloy is FCC.,Alloy's formula is Al0.25 Co1 Cr1 Cu0.75 Fe1 Ni1 Ti0.5.,Yield Strength (YS) of alloy is 750.0MPa.,Unknown,Unknown,Unknown,Ultimate tensile strength (UTS) of alloy is 1970.0MPa.,The alloy has 39.0% elongation.
0.4496644295302013,Unknown,Atoms arranged in a cube with one at each corner and one at the center. Packing density than FCC ~68%.,Calculated density of the alloy is 5.8 g/cm^3.,Processing method of the alloy is CAST.,The alloy was tested in C test.,Alloy as tested at 25.0 Celsius.,Microstructure of alloy is BCC.,Alloy's formula is Al0.25 Cr0.5 Nb0.5 Ti1 V0.25.,Yield Strength (YS) of alloy is 1240.0MPa.,Unknown,"Liquid material poured into a mold, solidifying to form the casting. Used for complex shapes, especially for metals or materials like epoxy, concrete, plaster, and clay.",Unknown,Unknown,Unknown
0.4765100671140939,Unknown,Atoms arranged in a cube with one at each corner and one at the center. Packing density than FCC ~68%.,Calculated density of the alloy is 7.3 g/cm^3.,Processing method of the alloy is CAST.,The alloy was tested in C test.,Alloy as tested at 25.0 Celsius.,Microstructure of alloy is BCC.,Alloy's formula is Mo1 Nb1 Ti1 V0.25 Zr1.,Yield Strength (YS) of alloy is 1776.0MPa.,Unknown,"Liquid material poured into a mold, solidifying to form the casting. Used for complex shapes, especially for metals or materials like epoxy, concrete, plaster, and clay.",Unknown,Ultimate tensile strength (UTS) of alloy is 3893.0MPa.,The alloy has 30.0% elongation.
0.7785234899328859,Unknown,Atoms arranged in a cube with one at each corner and one at the center of each face. Packing density ~74%.,Calculated density of the alloy is 8.3 g/cm^3.,Processing method of the alloy is ANNEAL.,The alloy was tested in T test.,Alloy as tested at 25.0 Celsius.,Microstructure of alloy is FCC.,Alloy's formula is Co1 Cr1 Fe1 Mo0.2 Ni1.,Unknown,Unknown,"Heat treatment process for alloys. Involves heating to a specific temperature, holding, and controlled cooling. Used to relieve stresses, improve machinability, enhance mechanical properties, and alter microstructure.",Unknown,Ultimate tensile strength (UTS) of alloy is 790.0MPa.,The alloy has 49.0% elongation.
0.738255033557047,Unknown,Atoms arranged in a cube with one at each corner and one at the center of each face. Packing density ~74%.,Calculated density of the alloy is 8.0 g/cm^3.,Processing method of the alloy is WROUGHT.,The alloy was tested in T test.,Alloy as tested at 25.0 Celsius.,Microstructure of alloy is FCC.,Alloy's formula is Al0.1 Co1 Cr1 Fe1 Ni1.,Yield Strength (YS) of alloy is 711.0MPa.,Unknown,"Shaping materials through plastic deformation, including rolling, forging, extrusion, or drawing. Commonly applied to metallic alloys for specific shapes, sizes, and mechanical properties.",Unknown,Ultimate tensile strength (UTS) of alloy is 928.0MPa.,The alloy has 30.3% elongation.
0.4295302013422818,Unknown,Atoms arranged in a cube with one at each corner and one at the center. Packing density than FCC ~68%.,Calculated density of the alloy is 8.7 g/cm^3.,Processing method of the alloy is CAST.,The alloy was tested in C test.,Alloy as tested at 1200.0 Celsius.,Microstructure of alloy is BCC.,Alloy's formula is Hf1 Mo1 Nb1 Ti1 Zr1.,Yield Strength (YS) of alloy is 301.0MPa.,Unknown,"Liquid material poured into a mold, solidifying to form the casting. Used for complex shapes, especially for metals or materials like epoxy, concrete, plaster, and clay.",Unknown,Unknown,The alloy has 50.0% elongation.
0.5228788560402685,Experimental density of the alloy is 7.4 g/cm^3.,Atoms arranged in a cube with one at each corner and one at the center. Packing density than FCC ~68%.,Calculated density of the alloy is 7.374721493 g/cm^3.,Unknown,The alloy was tested in C test.,Alloy as tested at 25.0 Celsius.,Microstructure of alloy is BCC.,Alloy's formula is Mo1.5 Nb1 Ti1 V1 Zr1.,Yield Strength (YS) of alloy is 1603.0MPa.,Unknown,Unknown,Unknown,Unknown,The alloy has 20.0% elongation.
0.6946308724832215,Unknown,Atoms arranged in a cube with one at each corner and one at the center of each face. Packing density ~74%.,Calculated density of the alloy is 8.5 g/cm^3.,Processing method of the alloy is WROUGHT.,The alloy was tested in T test.,Alloy as tested at 25.0 Celsius.,Microstructure of alloy is FCC.,Alloy's formula is Co1 Fe1 Ni1.,Yield Strength (YS) of alloy is 217.0MPa.,Unknown,"Shaping materials through plastic deformation, including rolling, forging, extrusion, or drawing. Commonly applied to metallic alloys for specific shapes, sizes, and mechanical properties.",Unknown,Ultimate tensile strength (UTS) of alloy is 498.0MPa.,The alloy has 51.0% elongation.
0.6845637583892618,Unknown,Atoms arranged in a cube with one at each corner and one at the center. Packing density than FCC ~68%.,Calculated density of the alloy is 7.2 g/cm^3.,Processing method of the alloy is CAST.,The alloy was tested in C test.,Alloy as tested at 25.0 Celsius.,Microstructure of alloy is BCC.,Alloy's formula is Cr1 Fe1 Ni1 Ti0.6.,Yield Strength (YS) of alloy is 1923.15MPa.,Unknown,"Liquid material poured into a mold, solidifying to form the casting. Used for complex shapes, especially for metals or materials like epoxy, concrete, plaster, and clay.",Hardness of the alloy is 718.2 in Vickers scale.,Unknown,Unknown
0.5704697986577181,Unknown,Atoms arranged in a cube with one at each corner and one at the center. Packing density than FCC ~68%.,Calculated density of the alloy is 6.6 g/cm^3.,Processing method of the alloy is CAST.,The alloy was tested in C test.,Alloy as tested at 1000.0 Celsius.,Microstructure of alloy is BCC.,Alloy's formula is Al1 Cr1 Mo1 Nb1 Ti1.,Yield Strength (YS) of alloy is 594.0MPa.,Unknown,"Liquid material poured into a mold, solidifying to form the casting. Used for complex shapes, especially for metals or materials like epoxy, concrete, plaster, and clay.",Unknown,Ultimate tensile strength (UTS) of alloy is 630.0MPa.,The alloy has 15.0% elongation.
0.6206336234899329,Experimental density of the alloy is 7.4 g/cm^3.,Atoms arranged in a cube with one at each corner and one at the center of each face. Packing density ~74%.,Calculated density of the alloy is 7.431738253 g/cm^3.,Unknown,The alloy was tested in C test.,Alloy as tested at 25.0 Celsius.,Microstructure of alloy is FCC.,Alloy's formula is Co1 Cr1 Cu1 Fe1 Ni1 Ti1.,Yield Strength (YS) of alloy is 1272.0MPa.,Unknown,Unknown,Unknown,Ultimate tensile strength (UTS) of alloy is 1272.0MPa.,The alloy has 2.0% elongation.
0.4563758389261745,Unknown,Atoms arranged in a cube with one at each corner and one at the center. Packing density than FCC ~68%.,Calculated density of the alloy is 10.0 g/cm^3.,Processing method of the alloy is WROUGHT.,The alloy was tested in C test.,Alloy as tested at 200.0 Celsius.,Microstructure of alloy is BCC.,Alloy's formula is Nb1 Ta1 Ti1.,Yield Strength (YS) of alloy is 378.0MPa.,Unknown,"Shaping materials through plastic deformation, including rolling, forging, extrusion, or drawing. Commonly applied to metallic alloys for specific shapes, sizes, and mechanical properties.",Unknown,Unknown,Unknown
0.6340658560402684,Experimental density of the alloy is 7.6 g/cm^3.,Atoms arranged in a cube with one at each corner and one at the center of each face. Packing density ~74%.,Calculated density of the alloy is 7.621679625 g/cm^3.,Unknown,Unknown,Alloy as tested at 700.0 Celsius.,Microstructure of alloy is FCC.,Alloy's formula is Al0.5 Co1 Cr1 Cu1 Fe1 Ni1.,Yield Strength (YS) of alloy is 426.0MPa.,Unknown,Unknown,Unknown,Unknown,Unknown
0.5067114093959731,Unknown,Atoms arranged in a cube with one at each corner and one at the center. Packing density than FCC ~68%.,Calculated density of the alloy is 6.5 g/cm^3.,Processing method of the alloy is CAST.,Unknown,Unknown,Microstructure of alloy is BCC.,Alloy's formula is Al1 Mo1 Nb1 Ti1.,Unknown,Unknown,"Liquid material poured into a mold, solidifying to form the casting. Used for complex shapes, especially for metals or materials like epoxy, concrete, plaster, and clay.",Hardness of the alloy is 509.0 in Vickers scale.,Unknown,Unknown
0.4716364406040268,Experimental density of the alloy is 7.1 g/cm^3.,Atoms arranged in a cube with one at each corner and one at the center. Packing density than FCC ~68%.,Calculated density of the alloy is 7.123122391 g/cm^3.,Unknown,The alloy was tested in C test.,Alloy as tested at 25.0 Celsius.,Microstructure of alloy is BCC.,Alloy's formula is Mo1 Nb1 Ti1 V1.0 Zr1.,Yield Strength (YS) of alloy is 1786.0MPa.,Unknown,Unknown,Unknown,Ultimate tensile strength (UTS) of alloy is 3828.0MPa.,The alloy has 26.0% elongation.
0.5369127516778524,Unknown,Atoms arranged in a cube with one at each corner and one at the center. Packing density than FCC ~68%.,Calculated density of the alloy is 5.9 g/cm^3.,Unknown,Unknown,Unknown,Microstructure of alloy is BCC.,Alloy's formula is Al1 Co0.5 Cr0.5 Fe0.5 Ni0.5.,Unknown,Unknown,Unknown,Hardness of the alloy is 733.0 in Vickers scale.,Unknown,Unknown
0.3590604026845637,Unknown,Atoms arranged in a cube with one at each corner and one at the center. Packing density than FCC ~68%.,Calculated density of the alloy is 9.9 g/cm^3.,Processing method of the alloy is WROUGHT.,Unknown,Alloy as tested at 640.0 Celsius.,Microstructure of alloy is BCC.,Alloy's formula is Hf1 Nb1 Ta1 Ti1 Zr1.,Unknown,Unknown,"Shaping materials through plastic deformation, including rolling, forging, extrusion, or drawing. Commonly applied to metallic alloys for specific shapes, sizes, and mechanical properties.",Unknown,Unknown,Unknown
0.4765100671140939,Unknown,Atoms arranged in a cube with one at each corner and one at the center. Packing density than FCC ~68%.,Calculated density of the alloy is 7.2 g/cm^3.,Processing method of the alloy is ANNEAL.,The alloy was tested in C test.,Alloy as tested at 25.0 Celsius.,Microstructure of alloy is BCC.,Alloy's formula is Mo1 Nb1 Ti1 V0.3 Zr1.,Yield Strength (YS) of alloy is 1455.0MPa.,Plastic elongation of the alloy is 25.0%.,"Heat treatment process for alloys. Involves heating to a specific temperature, holding, and controlled cooling. Used to relieve stresses, improve machinability, enhance mechanical properties, and alter microstructure.",Unknown,Unknown,Unknown
0.4716364406040268,Experimental density of the alloy is 7.1 g/cm^3.,Atoms arranged in a cube with one at each corner and one at the center. Packing density than FCC ~68%.,Calculated density of the alloy is 7.123122391 g/cm^3.,Unknown,The alloy was tested in C test.,Alloy as tested at 25.0 Celsius.,Microstructure of alloy is BCC.,Alloy's formula is Mo1 Nb1 Ti1 V1 Zr1.,Yield Strength (YS) of alloy is 1779.0MPa.,Unknown,Unknown,Unknown,Unknown,The alloy has 32.0% elongation.
0.738255033557047,Unknown,Atoms arranged in a cube with one at each corner and one at the center of each face. Packing density ~74%.,Calculated density of the alloy is 8.0 g/cm^3.,Processing method of the alloy is WROUGHT.,The alloy was tested in T test.,Alloy as tested at 25.0 Celsius.,Microstructure of alloy is FCC.,Alloy's formula is Co1 Cr1 Fe1 Mn1 Ni1.,Yield Strength (YS) of alloy is 560.0MPa.,Unknown,"Shaping materials through plastic deformation, including rolling, forging, extrusion, or drawing. Commonly applied to metallic alloys for specific shapes, sizes, and mechanical properties.",Unknown,Unknown,The alloy has 39.5% elongation.
0.6208053691275168,Unknown,Atoms arranged in a cube with one at each corner and one at the center of each face. Packing density ~74%.,Calculated density of the alloy is 7.4 g/cm^3.,Processing method of the alloy is ANNEAL.,The alloy was tested in T test.,Alloy as tested at 600.0 Celsius.,Microstructure of alloy is FCC.,Alloy's formula is Al0.278 Co0.694 Cr0.222 Fe0.417 Ni1 Ti0.167.,Yield Strength (YS) of alloy is 594.0MPa.,Unknown,"Heat treatment process for alloys. Involves heating to a specific temperature, holding, and controlled cooling. Used to relieve stresses, improve machinability, enhance mechanical properties, and alter microstructure.",Unknown,Ultimate tensile strength (UTS) of alloy is 1006.0MPa.,The alloy has 49.0% elongation.
0.6006711409395973,Unknown,Atoms arranged in a cube with one at each corner and one at the center. Packing density than FCC ~68%.,Calculated density of the alloy is 10.0 g/cm^3.,Processing method of the alloy is ANNEAL.,The alloy was tested in C test.,Alloy as tested at 300.0 Celsius.,Microstructure of alloy is BCC.,Alloy's formula is Mo1 Nb1 Ta1 Ti1.,Yield Strength (YS) of alloy is 732.0MPa.,Unknown,"Heat treatment process for alloys. Involves heating to a specific temperature, holding, and controlled cooling. Used to relieve stresses, improve machinability, enhance mechanical properties, and alter microstructure.",Unknown,Unknown,Unknown
0.4797996127516779,Experimental density of the alloy is 10.21 g/cm^3.,Atoms arranged in a cube with one at each corner and one at the center. Packing density than FCC ~68%.,Calculated density of the alloy is 10.19147746 g/cm^3.,Unknown,Unknown,Alloy as tested at 25.0 Celsius.,Microstructure of alloy is BCC.,Alloy's formula is Hf1 Mo1 Ta1 Ti1 Zr1.,Yield Strength (YS) of alloy is 1600.0MPa.,Unknown,Unknown,Unknown,Unknown,The alloy has 4.0% elongation.
0.6778523489932886,Unknown,Atoms arranged in a cube with one at each corner and one at the center of each face. Packing density ~74%.,Calculated density of the alloy is 8.4 g/cm^3.,Processing method of the alloy is CAST.,The alloy was tested in T test.,Alloy as tested at 800.0 Celsius.,Microstructure of alloy is FCC.,Alloy's formula is Co0.5 Fe0.5 Mo0.1 Ni1 V0.25.,Yield Strength (YS) of alloy is 187.0MPa.,Plastic elongation of the alloy is 119.5%.,"Liquid material poured into a mold, solidifying to form the casting. Used for complex shapes, especially for metals or materials like epoxy, concrete, plaster, and clay.",Unknown,Unknown,Unknown
0.7046979865771812,Unknown,Atoms arranged in a cube with one at each corner and one at the center of each face. Packing density ~74%.,Calculated density of the alloy is 7.6 g/cm^3.,Processing method of the alloy is CAST.,The alloy was tested in C test.,Alloy as tested at 340.0 Celsius.,Microstructure of alloy is FCC.,Alloy's formula is Al0.3 Co1 Cr1 Fe1 Ni1.,Unknown,Unknown,"Liquid material poured into a mold, solidifying to form the casting. Used for complex shapes, especially for metals or materials like epoxy, concrete, plaster, and clay.",Hardness of the alloy is 147.0 in Vickers scale.,Unknown,Unknown
0.5906008382550335,Experimental density of the alloy is 6.5 g/cm^3.,Atoms arranged in a cube with one at each corner and one at the center. Packing density than FCC ~68%.,Calculated density of the alloy is 6.45294893 g/cm^3.,Unknown,The alloy was tested in C test.,Alloy as tested at 25.0 Celsius.,Microstructure of alloy is BCC.,Alloy's formula is Al1 Co1 Cr1 Fe1 Ni1 Si0.2.,Yield Strength (YS) of alloy is 1265.0MPa.,Unknown,Unknown,Unknown,Ultimate tensile strength (UTS) of alloy is 2173.0MPa.,The alloy has 14.0% elongation.
0.7046979865771812,Unknown,Atoms arranged in a cube with one at each corner and one at the center of each face. Packing density ~74%.,Calculated density of the alloy is 7.6 g/cm^3.,Processing method of the alloy is CAST.,Unknown,Unknown,Microstructure of alloy is FCC.,Alloy's formula is Al0.3 Co1 Cr1 Fe1 Ni1.,Unknown,Unknown,"Liquid material poured into a mold, solidifying to form the casting. Used for complex shapes, especially for metals or materials like epoxy, concrete, plaster, and clay.",Hardness of the alloy is 117.0 in Vickers scale.,Unknown,Unknown
0.8390040023489933,Experimental density of the alloy is 13.8 g/cm^3.,Atoms arranged in a cube with one at each corner and one at the center. Packing density than FCC ~68%.,Calculated density of the alloy is 13.65986331 g/cm^3.,Unknown,Unknown,Alloy as tested at 800.0 Celsius.,Microstructure of alloy is BCC.,Alloy's formula is Mo1 Nb1 Ta1 W1.,Yield Strength (YS) of alloy is 552.0MPa.,Unknown,Unknown,Unknown,Unknown,The alloy has 40.0% elongation.
0.7583892617449665,Unknown,Atoms arranged in a cube with one at each corner and one at the center of each face. Packing density ~74%.,Calculated density of the alloy is 8.2 g/cm^3.,Processing method of the alloy is CAST.,The alloy was tested in C test.,Alloy as tested at 25.0 Celsius.,Microstructure of alloy is FCC.,Alloy's formula is Co1 Cr1 Fe1 Ni1.,Unknown,Unknown,"Liquid material poured into a mold, solidifying to form the casting. Used for complex shapes, especially for metals or materials like epoxy, concrete, plaster, and clay.",Unknown,Unknown,Unknown
0.3590604026845637,Unknown,Atoms arranged in a cube with one at each corner and one at the center. Packing density than FCC ~68%.,Calculated density of the alloy is 9.9 g/cm^3.,Processing method of the alloy is WROUGHT.,The alloy was tested in T test.,Alloy as tested at 25.0 Celsius.,Microstructure of alloy is BCC.,Alloy's formula is Hf1 Nb1 Ta1 Ti1 Zr1.,Yield Strength (YS) of alloy is 967.0MPa.,Unknown,"Shaping materials through plastic deformation, including rolling, forging, extrusion, or drawing. Commonly applied to metallic alloys for specific shapes, sizes, and mechanical properties.",Unknown,Ultimate tensile strength (UTS) of alloy is 981.0MPa.,Unknown
0.6668209409395973,Experimental density of the alloy is 6.785 g/cm^3.,Atoms arranged in a cube with one at each corner and one at the center. Packing density than FCC ~68%.,Calculated density of the alloy is 6.783315691 g/cm^3.,Unknown,The alloy was tested in C test.,Alloy as tested at 25.0 Celsius.,Microstructure of alloy is BCC.,Alloy's formula is Al1 Cr1 Fe1 Mo0.5 Ni1.,Yield Strength (YS) of alloy is 1750.0MPa.,Unknown,Unknown,Hardness of the alloy is 621.5 in Vickers scale.,Unknown,The alloy has 12.6% elongation.
0.334034604966443,Experimental density of the alloy is 6.47 g/cm^3.,Atoms arranged in a cube with one at each corner and one at the center. Packing density than FCC ~68%.,Calculated density of the alloy is 6.498698848 g/cm^3.,Processing method of the alloy is CAST.,The alloy was tested in C test.,Alloy as tested at 25.0 Celsius.,Microstructure of alloy is BCC.,Alloy's formula is Hf0.5 Ti2 V1 Zr1.,Yield Strength (YS) of alloy is 1160.0MPa.,Plastic elongation of the alloy is 50.0%.,"Liquid material poured into a mold, solidifying to form the casting. Used for complex shapes, especially for metals or materials like epoxy, concrete, plaster, and clay.",Unknown,Unknown,The alloy has 50.0% elongation.
0.6778523489932886,Unknown,Atoms arranged in a cube with one at each corner and one at the center of each face. Packing density ~74%.,Calculated density of the alloy is 8.4 g/cm^3.,Processing method of the alloy is WROUGHT.,The alloy was tested in T test.,Alloy as tested at 25.0 Celsius.,Microstructure of alloy is FCC.,Alloy's formula is Co1 Mn1 Ni1.,Yield Strength (YS) of alloy is 601.0MPa.,Unknown,"Shaping materials through plastic deformation, including rolling, forging, extrusion, or drawing. Commonly applied to metallic alloys for specific shapes, sizes, and mechanical properties.",Unknown,Ultimate tensile strength (UTS) of alloy is 608.0MPa.,The alloy has 40.0% elongation.
0.5335570469798657,Unknown,Atoms arranged in a cube with one at each corner and one at the center. Packing density than FCC ~68%.,Calculated density of the alloy is 7.5 g/cm^3.,Processing method of the alloy is ANNEAL.,The alloy was tested in C test.,Alloy as tested at 25.0 Celsius.,Microstructure of alloy is BCC.,Alloy's formula is Mo1 Nb0.667 Ti0.667 V0.2 Zr0.667.,Yield Strength (YS) of alloy is 1576.0MPa.,Plastic elongation of the alloy is 8.0%.,"Heat treatment process for alloys. Involves heating to a specific temperature, holding, and controlled cooling. Used to relieve stresses, improve machinability, enhance mechanical properties, and alter microstructure.",Unknown,Unknown,Unknown
0.7631778516778523,Unknown,Atoms arranged in a cube with one at each corner and one at the center of each face. Packing density ~74%.,Calculated density of the alloy is 8.473425645 g/cm^3.,Processing method of the alloy is ANNEAL.,The alloy was tested in C test.,Unknown,Microstructure of alloy is FCC.,Alloy's formula is Cr1 Fe1 Mo0.3 Ni3.,Unknown,Unknown,"Heat treatment process for alloys. Involves heating to a specific temperature, holding, and controlled cooling. Used to relieve stresses, improve machinability, enhance mechanical properties, and alter microstructure.",Hardness of the alloy is 268.0 in Vickers scale.,Unknown,Unknown
0.7751677852348994,Unknown,Atoms arranged in a cube with one at each corner and one at the center of each face. Packing density ~74%.,Calculated density of the alloy is 8.3 g/cm^3.,Processing method of the alloy is WROUGHT.,The alloy was tested in T test.,Alloy as tested at 25.0 Celsius.,Microstructure of alloy is FCC.,Alloy's formula is Co1 Cr1 Fe1 Mo0.15 Ni1.,Yield Strength (YS) of alloy is 1301.0MPa.,Plastic elongation of the alloy is 7.2%.,"Shaping materials through plastic deformation, including rolling, forging, extrusion, or drawing. Commonly applied to metallic alloys for specific shapes, sizes, and mechanical properties.",Unknown,Ultimate tensile strength (UTS) of alloy is 1493.0MPa.,Unknown
0.4733500187919463,Experimental density of the alloy is 7.165 g/cm^3.,Atoms arranged in a cube with one at each corner and one at the center. Packing density than FCC ~68%.,Calculated density of the alloy is 7.163833007 g/cm^3.,Processing method of the alloy is CAST.,The alloy was tested in C test.,Alloy as tested at 25.0 Celsius.,Microstructure of alloy is BCC.,Alloy's formula is Mo1 Nb1 Ti1 V0.75 Zr1.,Yield Strength (YS) of alloy is 1710.0MPa.,Plastic elongation of the alloy is 15.5%.,"Liquid material poured into a mold, solidifying to form the casting. Used for complex shapes, especially for metals or materials like epoxy, concrete, plaster, and clay.",Unknown,Unknown,The alloy has 29.3% elongation.
0.3969037355704697,Experimental density of the alloy is 7.1 g/cm^3.,Atoms arranged in a cube with one at each corner and one at the center. Packing density than FCC ~68%.,Calculated density of the alloy is 7.147250402 g/cm^3.,Unknown,Unknown,Alloy as tested at 1200.0 Celsius.,Microstructure of alloy is BCC.,Alloy's formula is Al1 Mo0.5 Nb1 Ta0.5 Ti1 Zr1.,Yield Strength (YS) of alloy is 250.0MPa.,Unknown,Unknown,Unknown,Unknown,The alloy has 50.0% elongation.
0.6174496644295302,Unknown,Atoms arranged in a cube with one at each corner and one at the center. Packing density than FCC ~68%.,Calculated density of the alloy is 6.7 g/cm^3.,Unknown,Unknown,Unknown,Microstructure of alloy is BCC.,Alloy's formula is Al1 Co1 Cr1 Fe1 Ni1.,Unknown,Unknown,Unknown,Hardness of the alloy is 500.0 in Vickers scale.,Unknown,Unknown
0.7114093959731543,Unknown,Atoms arranged in a cube with one at each corner and one at the center of each face. Packing density ~74%.,Calculated density of the alloy is 7.7 g/cm^3.,Processing method of the alloy is WROUGHT.,The alloy was tested in T test.,Alloy as tested at 25.0 Celsius.,Microstructure of alloy is FCC.,Alloy's formula is Co0.25 Cr0.25 Fe1 Mn1.,Yield Strength (YS) of alloy is 512.0MPa.,Unknown,"Shaping materials through plastic deformation, including rolling, forging, extrusion, or drawing. Commonly applied to metallic alloys for specific shapes, sizes, and mechanical properties.",Unknown,Ultimate tensile strength (UTS) of alloy is 978.0MPa.,The alloy has 55.3% elongation.
0.3592105946308725,Experimental density of the alloy is 9.1 g/cm^3.,Atoms arranged in a cube with one at each corner and one at the center. Packing density than FCC ~68%.,Calculated density of the alloy is 9.088964376 g/cm^3.,Unknown,Unknown,Alloy as tested at 800.0 Celsius.,Microstructure of alloy is BCC.,Alloy's formula is Al0.4 Hf0.6 Nb1 Ta1 Ti1 Zr1.,Yield Strength (YS) of alloy is 796.0MPa.,Unknown,Unknown,Unknown,Unknown,The alloy has 50.0% elongation.
0.6885121050335571,Experimental density of the alloy is 7.505 g/cm^3.,Atoms arranged in a cube with one at each corner and one at the center of each face. Packing density ~74%.,Calculated density of the alloy is 7.50474373 g/cm^3.,Unknown,The alloy was tested in C test.,Alloy as tested at 25.0 Celsius.,Microstructure of alloy is FCC.,Alloy's formula is Al0.38 Co1 Cr1 Fe1 Mn1 Ni1.,Yield Strength (YS) of alloy is 243.5MPa.,Unknown,Unknown,Hardness of the alloy is 181.5 in Vickers scale.,Unknown,The alloy has 46.0% elongation.
0.6006711409395973,Unknown,Atoms arranged in a cube with one at each corner and one at the center. Packing density than FCC ~68%.,Calculated density of the alloy is 10.0 g/cm^3.,Processing method of the alloy is ANNEAL.,The alloy was tested in C test.,Alloy as tested at 400.0 Celsius.,Microstructure of alloy is BCC.,Alloy's formula is Mo1 Nb1 Ta1 Ti1.,Yield Strength (YS) of alloy is 685.0MPa.,Unknown,"Heat treatment process for alloys. Involves heating to a specific temperature, holding, and controlled cooling. Used to relieve stresses, improve machinability, enhance mechanical properties, and alter microstructure.",Unknown,Unknown,Unknown
0.3355704697986577,Unknown,Atoms arranged in a cube with one at each corner and one at the center. Packing density than FCC ~68%.,Calculated density of the alloy is 6.7 g/cm^3.,Processing method of the alloy is CAST.,The alloy was tested in C test.,Alloy as tested at 25.0 Celsius.,Microstructure of alloy is BCC.,Alloy's formula is Hf0.25 Nb0.25 Ti1 V0.5 Zr0.5.,Yield Strength (YS) of alloy is 1065.0MPa.,Unknown,"Liquid material poured into a mold, solidifying to form the casting. Used for complex shapes, especially for metals or materials like epoxy, concrete, plaster, and clay.",Hardness of the alloy is 322.5 in Vickers scale.,Unknown,The alloy has 50.0% elongation.
0.4093959731543624,Unknown,Atoms arranged in a cube with one at each corner and one at the center of each face. Packing density ~74%.,Calculated density of the alloy is 5.7 g/cm^3.,Processing method of the alloy is CAST.,The alloy was tested in C test.,Alloy as tested at 25.0 Celsius.,Microstructure of alloy is FCC.,Alloy's formula is Al1 Cu1 Ni1 Ti1.,Yield Strength (YS) of alloy is 300.0MPa.,Plastic elongation of the alloy is 0.85%.,"Liquid material poured into a mold, solidifying to form the casting. Used for complex shapes, especially for metals or materials like epoxy, concrete, plaster, and clay.",Hardness of the alloy is 537.0 in Vickers scale.,Ultimate tensile strength (UTS) of alloy is 536.0MPa.,Unknown
0.3355704697986577,Unknown,Atoms arranged in a cube with one at each corner and one at the center. Packing density than FCC ~68%.,Calculated density of the alloy is 8.4 g/cm^3.,Processing method of the alloy is WROUGHT.,The alloy was tested in C test.,Alloy as tested at -43.0 Celsius.,Microstructure of alloy is BCC.,Alloy's formula is Hf0.5 Nb0.667 Ta0.333 Ti1 Zr0.833.,Yield Strength (YS) of alloy is 1020.0MPa.,Unknown,"Shaping materials through plastic deformation, including rolling, forging, extrusion, or drawing. Commonly applied to metallic alloys for specific shapes, sizes, and mechanical properties.",Unknown,Unknown,Unknown
0.7050473781879194,Experimental density of the alloy is 7.825 g/cm^3.,Atoms arranged in a cube with one at each corner and one at the center of each face. Packing density ~74%.,Calculated density of the alloy is 7.824929394 g/cm^3.,Unknown,The alloy was tested in C test.,Alloy as tested at 25.0 Celsius.,Microstructure of alloy is FCC.,Alloy's formula is Co1 Cr1 Fe1 Mn1 Ni1 V0.5.,Yield Strength (YS) of alloy is 620.0MPa.,Unknown,Unknown,Hardness of the alloy is 186.0 in Vickers scale.,Unknown,The alloy has 75.0% elongation.
0.3977625285234899,Experimental density of the alloy is 5.6 g/cm^3.,Atoms arranged in a cube with one at each corner and one at the center. Packing density than FCC ~68%.,Calculated density of the alloy is 5.637471918 g/cm^3.,Processing method of the alloy is ANNEAL.,The alloy was tested in C test.,Alloy as tested at 25.0 Celsius.,Microstructure of alloy is BCC.,Alloy's formula is Al1 Cr0.5 Nb1 Ti1 V1.,Yield Strength (YS) of alloy is 1300.0MPa.,Plastic elongation of the alloy is 1.0%.,"Heat treatment process for alloys. Involves heating to a specific temperature, holding, and controlled cooling. Used to relieve stresses, improve machinability, enhance mechanical properties, and alter microstructure.",Unknown,Ultimate tensile strength (UTS) of alloy is 1430.0MPa.,The alloy has 1.0% elongation.
0.6912751677852349,Unknown,Atoms arranged in a cube with one at each corner and one at the center of each face. Packing density ~74%.,Calculated density of the alloy is 8.3 g/cm^3.,Processing method of the alloy is CAST.,The alloy was tested in C test.,Alloy as tested at 25.0 Celsius.,Microstructure of alloy is FCC.,Alloy's formula is Co1 Cr1 Cu1 Fe1 Ni1.,Yield Strength (YS) of alloy is 300.0MPa.,Unknown,"Liquid material poured into a mold, solidifying to form the casting. Used for complex shapes, especially for metals or materials like epoxy, concrete, plaster, and clay.",Unknown,Unknown,The alloy has 50.2% elongation.
0.8113051275167785,Experimental density of the alloy is 13.15 g/cm^3.,Atoms arranged in a cube with one at each corner and one at the center. Packing density than FCC ~68%.,Calculated density of the alloy is 13.09564737 g/cm^3.,Processing method of the alloy is CAST.,The alloy was tested in C test.,Alloy as tested at 25.0 Celsius.,Microstructure of alloy is BCC.,Alloy's formula is Mo1 Nb1 Ta1 Ti0.25 W1.,Yield Strength (YS) of alloy is 1110.0MPa.,Plastic elongation of the alloy is 2.5%.,"Liquid material poured into a mold, solidifying to form the casting. Used for complex shapes, especially for metals or materials like epoxy, concrete, plaster, and clay.",Unknown,Unknown,The alloy has 2.5% elongation.
0.4503819755033557,Experimental density of the alloy is 9.2 g/cm^3.,Atoms arranged in a cube with one at each corner and one at the center. Packing density than FCC ~68%.,Calculated density of the alloy is 9.169851378 g/cm^3.,Unknown,The alloy was tested in C test.,Alloy as tested at 25.0 Celsius.,Microstructure of alloy is BCC.,Alloy's formula is Nb1 Ta1 Ti1 V1.,Yield Strength (YS) of alloy is 1092.0MPa.,Unknown,Unknown,Unknown,Unknown,Unknown
0.4496644295302013,Unknown,Atoms arranged in a cube with one at each corner and one at the center. Packing density than FCC ~68%.,Calculated density of the alloy is 9.2 g/cm^3.,Processing method of the alloy is CAST.,The alloy was tested in C test.,Alloy as tested at 25.0 Celsius.,Microstructure of alloy is BCC.,Alloy's formula is Nb1 Ta1 Ti1 V1.,Yield Strength (YS) of alloy is 1092.0MPa.,Unknown,"Liquid material poured into a mold, solidifying to form the casting. Used for complex shapes, especially for metals or materials like epoxy, concrete, plaster, and clay.",Unknown,Unknown,Unknown
0.3587634526845638,Experimental density of the alloy is 9.9 g/cm^3.,Atoms arranged in a cube with one at each corner and one at the center. Packing density than FCC ~68%.,Calculated density of the alloy is 9.893530612 g/cm^3.,Unknown,The alloy was tested in C test.,Alloy as tested at 25.0 Celsius.,Microstructure of alloy is BCC.,Alloy's formula is Hf1 Nb1 Ta1 Ti1 Zr1.,Yield Strength (YS) of alloy is 1073.0MPa.,Unknown,Unknown,Hardness of the alloy is 295.0 in Vickers scale.,Unknown,The alloy has 50.0% elongation.
0.7785234899328859,Unknown,Atoms arranged in a cube with one at each corner and one at the center of each face. Packing density ~74%.,Calculated density of the alloy is 8.3 g/cm^3.,Processing method of the alloy is CAST.,The alloy was tested in T test.,Alloy as tested at 25.0 Celsius.,Microstructure of alloy is FCC.,Alloy's formula is Co1 Cr1 Fe1 Mo0.2 Ni1.,Yield Strength (YS) of alloy is 400.0MPa.,Unknown,"Liquid material poured into a mold, solidifying to form the casting. Used for complex shapes, especially for metals or materials like epoxy, concrete, plaster, and clay.",Unknown,Ultimate tensile strength (UTS) of alloy is 780.0MPa.,The alloy has 53.0% elongation.
0.3590604026845637,Unknown,Atoms arranged in a cube with one at each corner and one at the center. Packing density than FCC ~68%.,Calculated density of the alloy is 9.9 g/cm^3.,Processing method of the alloy is WROUGHT.,Unknown,Alloy as tested at 100.0 Celsius.,Microstructure of alloy is BCC.,Alloy's formula is Hf1 Nb1 Ta1 Ti1 Zr1.,Unknown,Unknown,"Shaping materials through plastic deformation, including rolling, forging, extrusion, or drawing. Commonly applied to metallic alloys for specific shapes, sizes, and mechanical properties.",Unknown,Unknown,Unknown
0.3362376278523489,Experimental density of the alloy is 6.3 g/cm^3.,Atoms arranged in a cube with one at each corner and one at the center. Packing density than FCC ~68%.,Calculated density of the alloy is 6.458317279 g/cm^3.,Unknown,Unknown,Alloy as tested at 25.0 Celsius.,Microstructure of alloy is BCC.,Alloy's formula is Nb1 Ti1 V1 Zr1.,Yield Strength (YS) of alloy is 1105.0MPa.,Unknown,Unknown,Unknown,Unknown,The alloy has 50.0% elongation.
0.3969037355704697,Experimental density of the alloy is 7.1 g/cm^3.,Atoms arranged in a cube with one at each corner and one at the center. Packing density than FCC ~68%.,Calculated density of the alloy is 7.147250402 g/cm^3.,Unknown,Unknown,Alloy as tested at 25.0 Celsius.,Microstructure of alloy is BCC.,Alloy's formula is Al1 Mo0.5 Nb1 Ta0.5 Ti1 Zr1.,Yield Strength (YS) of alloy is 2000.0MPa.,Unknown,Unknown,Unknown,Unknown,The alloy has 10.0% elongation.
0.6391100822147651,Experimental density of the alloy is 7.8 g/cm^3.,Atoms arranged in a cube with one at each corner and one at the center of each face. Packing density ~74%.,Calculated density of the alloy is 7.758780509 g/cm^3.,Unknown,Unknown,Alloy as tested at 25.0 Celsius.,Microstructure of alloy is FCC.,Alloy's formula is Al0.4 Cr1 Cu1 Fe1 Ni2.,Unknown,Unknown,Unknown,Unknown,Unknown,Unknown
0.3590604026845637,Unknown,Atoms arranged in a cube with one at each corner and one at the center. Packing density than FCC ~68%.,Calculated density of the alloy is 9.9 g/cm^3.,Processing method of the alloy is WROUGHT.,Unknown,Alloy as tested at 800.0 Celsius.,Microstructure of alloy is BCC.,Alloy's formula is Hf1 Nb1 Ta1 Ti1 Zr1.,Unknown,Unknown,"Shaping materials through plastic deformation, including rolling, forging, extrusion, or drawing. Commonly applied to metallic alloys for specific shapes, sizes, and mechanical properties.",Unknown,Unknown,Unknown
0.4129791392617449,Experimental density of the alloy is 9.9 g/cm^3.,Atoms arranged in a cube with one at each corner and one at the center. Packing density than FCC ~68%.,Calculated density of the alloy is 9.917872809 g/cm^3.,Unknown,The alloy was tested in C test.,Alloy as tested at 25.0 Celsius.,Microstructure of alloy is BCC.,Alloy's formula is Hf1 Mo0.5 Nb1 Ta1 Ti1 Zr1.,Yield Strength (YS) of alloy is 1317.0MPa.,Unknown,Unknown,Hardness of the alloy is 480.0 in Vickers scale.,Unknown,The alloy has 50.0% elongation.
0.3969037355704697,Experimental density of the alloy is 7.1 g/cm^3.,Atoms arranged in a cube with one at each corner and one at the center. Packing density than FCC ~68%.,Calculated density of the alloy is 7.147250402 g/cm^3.,Unknown,Unknown,Alloy as tested at 800.0 Celsius.,Microstructure of alloy is BCC.,Alloy's formula is Al1 Mo0.5 Nb1 Ta0.5 Ti1 Zr1.,Yield Strength (YS) of alloy is 1597.0MPa.,Unknown,Unknown,Unknown,Unknown,The alloy has 11.0% elongation.
0.7114093959731543,Unknown,Atoms arranged in a cube with one at each corner and one at the center of each face. Packing density ~74%.,Calculated density of the alloy is 7.8 g/cm^3.,Processing method of the alloy is WROUGHT.,Unknown,Unknown,Microstructure of alloy is FCC.,Alloy's formula is Cr0.5 Fe0.5 Ni1 Ti0.15.,Unknown,Unknown,"Shaping materials through plastic deformation, including rolling, forging, extrusion, or drawing. Commonly applied to metallic alloys for specific shapes, sizes, and mechanical properties.",Hardness of the alloy is 204.0 in Vickers scale.,Unknown,Unknown
0.3656855201342281,Experimental density of the alloy is 7.6 g/cm^3.,Atoms arranged in a cube with one at each corner and one at the center. Packing density than FCC ~68%.,Calculated density of the alloy is 7.557222162 g/cm^3.,Unknown,Unknown,Alloy as tested at 1000.0 Celsius.,Microstructure of alloy is BCC.,Alloy's formula is Al0.5 Nb1 Ta0.8 Ti1.5 V0.2 Zr1.,Yield Strength (YS) of alloy is 220.0MPa.,Unknown,Unknown,Unknown,Unknown,The alloy has 50.0% elongation.
0.6644295302013423,Unknown,Atoms arranged in a cube with one at each corner and one at the center. Packing density than FCC ~68%.,Calculated density of the alloy is 12.1 g/cm^3.,Processing method of the alloy is ANNEAL.,The alloy was tested in C test.,Alloy as tested at 800.0 Celsius.,Microstructure of alloy is BCC.,Alloy's formula is Nb1 Ta1 Ti1 W1.,Yield Strength (YS) of alloy is 564.0MPa.,Unknown,"Heat treatment process for alloys. Involves heating to a specific temperature, holding, and controlled cooling. Used to relieve stresses, improve machinability, enhance mechanical properties, and alter microstructure.",Unknown,Unknown,Unknown
0.3362376278523489,Experimental density of the alloy is 6.5 g/cm^3.,Atoms arranged in a cube with one at each corner and one at the center. Packing density than FCC ~68%.,Calculated density of the alloy is 6.458317279 g/cm^3.,Unknown,The alloy was tested in C test.,Alloy as tested at 25.0 Celsius.,Microstructure of alloy is BCC.,Alloy's formula is Nb1 Ti1 V1 Zr1.,Yield Strength (YS) of alloy is 1104.0MPa.,Unknown,Unknown,Unknown,Unknown,The alloy has 50.0% elongation.
0.3590604026845637,Unknown,Atoms arranged in a cube with one at each corner and one at the center. Packing density than FCC ~68%.,Calculated density of the alloy is 9.9 g/cm^3.,Processing method of the alloy is WROUGHT.,Unknown,Alloy as tested at 740.0 Celsius.,Microstructure of alloy is BCC.,Alloy's formula is Hf1 Nb1 Ta1 Ti1 Zr1.,Unknown,Unknown,"Shaping materials through plastic deformation, including rolling, forging, extrusion, or drawing. Commonly applied to metallic alloys for specific shapes, sizes, and mechanical properties.",Unknown,Unknown,Unknown
0.6183845825503356,Experimental density of the alloy is 6.7 g/cm^3.,Atoms arranged in a cube with one at each corner and one at the center. Packing density than FCC ~68%.,Calculated density of the alloy is 6.717648579 g/cm^3.,Unknown,Unknown,Alloy as tested at 25.0 Celsius.,Microstructure of alloy is BCC.,Alloy's formula is Al1 Co1 Cr1 Fe1 Ni1.,Unknown,Unknown,Unknown,Hardness of the alloy is 484.0 in Vickers scale.,Unknown,Unknown
0.6577181208053692,Unknown,Atoms arranged in a cube with one at each corner and one at the center. Packing density than FCC ~68%.,Calculated density of the alloy is 7.6 g/cm^3.,Processing method of the alloy is ANNEAL.,The alloy was tested in C test.,Alloy as tested at 600.0 Celsius.,Microstructure of alloy is BCC.,Alloy's formula is Cr1 Mo1 Nb1 Ti1.,Yield Strength (YS) of alloy is 1062.0MPa.,Unknown,"Heat treatment process for alloys. Involves heating to a specific temperature, holding, and controlled cooling. Used to relieve stresses, improve machinability, enhance mechanical properties, and alter microstructure.",Unknown,Unknown,Unknown
0.5234899328859061,Unknown,Atoms arranged in a cube with one at each corner and one at the center. Packing density than FCC ~68%.,Calculated density of the alloy is 6.3 g/cm^3.,Processing method of the alloy is CAST.,The alloy was tested in C test.,Alloy as tested at 600.0 Celsius.,Microstructure of alloy is BCC.,Alloy's formula is Al1 Co0.5 Cr0.5 Cu0.5 Fe0.5 Ni0.5.,Yield Strength (YS) of alloy is 805.0MPa.,Unknown,"Liquid material poured into a mold, solidifying to form the casting. Used for complex shapes, especially for metals or materials like epoxy, concrete, plaster, and clay.",Unknown,Unknown,Unknown
0.318749743557047,Experimental density of the alloy is 8.1 g/cm^3.,Atoms arranged in a cube with one at each corner and one at the center. Packing density than FCC ~68%.,Calculated density of the alloy is 8.0598931 g/cm^3.,Processing method of the alloy is CAST.,The alloy was tested in C test.,Alloy as tested at 25.0 Celsius.,Microstructure of alloy is BCC.,Alloy's formula is Hf1 Nb1 Ti1 V1 Zr1.,Yield Strength (YS) of alloy is 1170.0MPa.,Plastic elongation of the alloy is 30.0%.,"Liquid material poured into a mold, solidifying to form the casting. Used for complex shapes, especially for metals or materials like epoxy, concrete, plaster, and clay.",Hardness of the alloy is 388.0 in Vickers scale.,Ultimate tensile strength (UTS) of alloy is 1463.0MPa.,The alloy has 30.0% elongation.
0.7583892617449665,Unknown,Atoms arranged in a cube with one at each corner and one at the center of each face. Packing density ~74%.,Calculated density of the alloy is 8.2 g/cm^3.,Processing method of the alloy is WROUGHT.,The alloy was tested in T test.,Alloy as tested at 25.0 Celsius.,Microstructure of alloy is FCC.,Alloy's formula is Co1 Cr1 Fe1 Ni1.,Yield Strength (YS) of alloy is 273.0MPa.,Unknown,"Shaping materials through plastic deformation, including rolling, forging, extrusion, or drawing. Commonly applied to metallic alloys for specific shapes, sizes, and mechanical properties.",Unknown,Ultimate tensile strength (UTS) of alloy is 567.0MPa.,The alloy has 61.6% elongation.
0.6192031255033557,Experimental density of the alloy is 7.5 g/cm^3.,Atoms arranged in a cube with one at each corner and one at the center of each face. Packing density ~74%.,Calculated density of the alloy is 7.509549942 g/cm^3.,Unknown,Unknown,Alloy as tested at 25.0 Celsius.,Microstructure of alloy is FCC.,Alloy's formula is Al0.6 Cr1 Cu1 Fe1 Ni2.,Unknown,Unknown,Unknown,Unknown,Unknown,Unknown
0.3590604026845637,Unknown,Atoms arranged in a cube with one at each corner and one at the center. Packing density than FCC ~68%.,Calculated density of the alloy is 9.9 g/cm^3.,Processing method of the alloy is CAST.,The alloy was tested in T test.,Alloy as tested at 25.0 Celsius.,Microstructure of alloy is BCC.,Alloy's formula is Hf1 Nb1 Ta1 Ti1 Zr1.,Yield Strength (YS) of alloy is 827.0MPa.,Unknown,"Liquid material poured into a mold, solidifying to form the casting. Used for complex shapes, especially for metals or materials like epoxy, concrete, plaster, and clay.",Unknown,Ultimate tensile strength (UTS) of alloy is 856.0MPa.,The alloy has 50.0% elongation.
0.4798657718120805,Unknown,Atoms arranged in a cube with one at each corner and one at the center. Packing density than FCC ~68%.,Calculated density of the alloy is 10.2 g/cm^3.,Processing method of the alloy is CAST.,The alloy was tested in C test.,Alloy as tested at 25.0 Celsius.,Microstructure of alloy is BCC.,Alloy's formula is Hf1 Mo1 Ta1 Ti1 Zr1.,Yield Strength (YS) of alloy is 1600.0MPa.,Unknown,"Liquid material poured into a mold, solidifying to form the casting. Used for complex shapes, especially for metals or materials like epoxy, concrete, plaster, and clay.",Unknown,Unknown,The alloy has 4.0% elongation.
0.7449664429530202,Experimental density of the alloy is 11.72 g/cm^3.,Atoms arranged in a cube with one at each corner and one at the center. Packing density than FCC ~68%.,Calculated density of the alloy is 11.8 g/cm^3.,Processing method of the alloy is CAST.,The alloy was tested in C test.,Alloy as tested at 1200.0 Celsius.,Microstructure of alloy is BCC.,Alloy's formula is Mo1 Nb1 Ta1 Ti1 W1.,Yield Strength (YS) of alloy is 586.0MPa.,Unknown,"Liquid material poured into a mold, solidifying to form the casting. Used for complex shapes, especially for metals or materials like epoxy, concrete, plaster, and clay.",Unknown,Unknown,Unknown
0.757429272147651,Experimental density of the alloy is 8.175 g/cm^3.,Atoms arranged in a cube with one at each corner and one at the center of each face. Packing density ~74%.,Calculated density of the alloy is 8.175043328 g/cm^3.,Unknown,The alloy was tested in C test.,Alloy as tested at 25.0 Celsius.,Microstructure of alloy is FCC.,Alloy's formula is Co1 Cr1 Fe1 Ni1.,Yield Strength (YS) of alloy is 147.5MPa.,Unknown,Unknown,Unknown,Unknown,The alloy has 48.0% elongation.
0.6785215362416107,Experimental density of the alloy is 8.375 g/cm^3.,Atoms arranged in a cube with one at each corner and one at the center of each face. Packing density ~74%.,Calculated density of the alloy is 8.372859777 g/cm^3.,Unknown,The alloy was tested in C test.,Alloy as tested at 25.0 Celsius.,Microstructure of alloy is FCC.,Alloy's formula is Co1 Mn1 Ni1.,Yield Strength (YS) of alloy is 231.0MPa.,Unknown,Unknown,Unknown,Unknown,The alloy has 38.3% elongation.
0.6247118604026846,Experimental density of the alloy is 7.7 g/cm^3.,Atoms arranged in a cube with one at each corner and one at the center of each face. Packing density ~74%.,Calculated density of the alloy is 7.724929168 g/cm^3.,Unknown,The alloy was tested in C test.,Alloy as tested at 25.0 Celsius.,Microstructure of alloy is FCC.,Alloy's formula is Co1 Fe1 Ni1 Si0.25.,Yield Strength (YS) of alloy is 196.0MPa.,Unknown,Unknown,Hardness of the alloy is 149.0 in Vickers scale.,Unknown,Unknown
0.674496644295302,Unknown,Atoms arranged in a cube with one at each corner and one at the center. Packing density than FCC ~68%.,Calculated density of the alloy is 7.0 g/cm^3.,Processing method of the alloy is CAST.,Unknown,Alloy as tested at 25.0 Celsius.,Microstructure of alloy is BCC.,Alloy's formula is Al0.333 Cr0.667 Fe1 Mn0.667 Ni0.333.,Unknown,Unknown,"Liquid material poured into a mold, solidifying to form the casting. Used for complex shapes, especially for metals or materials like epoxy, concrete, plaster, and clay.",Hardness of the alloy is 396.0 in Vickers scale.,Unknown,Unknown
0.5780323805369127,Experimental density of the alloy is 7.2 g/cm^3.,Atoms arranged in a cube with one at each corner and one at the center. Packing density than FCC ~68%.,Calculated density of the alloy is 7.211048262 g/cm^3.,Unknown,Unknown,Alloy as tested at 25.0 Celsius.,Microstructure of alloy is BCC.,Alloy's formula is Al0.5 Co1 Cr1 Cu1 Fe1 Ni1 V1.8.,Unknown,Unknown,Unknown,Hardness of the alloy is 597.0 in Vickers scale.,Unknown,Unknown
0.6939003677852349,Experimental density of the alloy is 8.5 g/cm^3.,Atoms arranged in a cube with one at each corner and one at the center of each face. Packing density ~74%.,Calculated density of the alloy is 8.524402703 g/cm^3.,Unknown,The alloy was tested in T test.,Alloy as tested at 25.0 Celsius.,Microstructure of alloy is FCC.,Alloy's formula is Co1 Fe1 Ni1.,Yield Strength (YS) of alloy is 211.0MPa.,Unknown,Unknown,Unknown,Ultimate tensile strength (UTS) of alloy is 513.0MPa.,The alloy has 31.0% elongation.
0.7140009191275167,Experimental density of the alloy is 7.7 g/cm^3.,Atoms arranged in a cube with one at each corner and one at the center of each face. Packing density ~74%.,Calculated density of the alloy is 7.719849722 g/cm^3.,Unknown,Unknown,Alloy as tested at 25.0 Celsius.,Microstructure of alloy is FCC.,Alloy's formula is Al0.25 Co1 Cr1 Fe1 Ni1.,Unknown,Unknown,Unknown,Hardness of the alloy is 110.0 in Vickers scale.,Unknown,Unknown
0.6208053691275168,Unknown,Atoms arranged in a cube with one at each corner and one at the center of each face. Packing density ~74%.,Calculated density of the alloy is 7.5 g/cm^3.,Unknown,Unknown,Alloy as tested at 25.0 Celsius.,Microstructure of alloy is FCC.,Alloy's formula is Al0.3 Cr0.5 Cu0.5 Fe0.5 Ni1.,Unknown,Unknown,Unknown,Unknown,Unknown,Unknown
0.6208053691275168,Unknown,Unknown,Calculated density of the alloy is 7.4 g/cm^3.,Processing method of the alloy is ANNEAL.,Unknown,Unknown,Unknown,Alloy's formula is Al0.278 Co0.694 Cr0.222 Fe0.417 Ni1 Ti0.167.,Unknown,Unknown,"Heat treatment process for alloys. Involves heating to a specific temperature, holding, and controlled cooling. Used to relieve stresses, improve machinability, enhance mechanical properties, and alter microstructure.",Hardness of the alloy is 341.0 in Vickers scale.,Unknown,The alloy has 27.0% elongation.
0.5377865889261745,Experimental density of the alloy is 5.9 g/cm^3.,Atoms arranged in a cube with one at each corner and one at the center. Packing density than FCC ~68%.,Calculated density of the alloy is 5.872861963 g/cm^3.,Unknown,Unknown,Alloy as tested at 25.0 Celsius.,Microstructure of alloy is BCC.,Alloy's formula is Al2 Co1 Cr1 Fe1 Ni1.,Unknown,Unknown,Unknown,Hardness of the alloy is 509.0 in Vickers scale.,Unknown,Unknown
0.738255033557047,Unknown,Atoms arranged in a cube with one at each corner and one at the center of each face. Packing density ~74%.,Calculated density of the alloy is 8.0 g/cm^3.,Processing method of the alloy is POWDER.,Unknown,Unknown,Microstructure of alloy is FCC.,Alloy's formula is Co1 Cr1 Fe1 Mn1 Ni1.,Unknown,Unknown,"Production and shaping of metallic alloys as powders. Utilizes techniques like powder production, consolidation, and sintering in powder metallurgy. Offers versatility for controlled composition and complex geometries.",Unknown,Unknown,The alloy has 59.0% elongation.
0.7449664429530202,Unknown,Atoms arranged in a cube with one at each corner and one at the center. Packing density than FCC ~68%.,Calculated density of the alloy is 11.8 g/cm^3.,Processing method of the alloy is CAST.,The alloy was tested in C test.,Alloy as tested at 25.0 Celsius.,Microstructure of alloy is BCC.,Alloy's formula is Mo1 Nb1 Ta1 Ti1 W1.,Yield Strength (YS) of alloy is 1455.0MPa.,Unknown,"Liquid material poured into a mold, solidifying to form the casting. Used for complex shapes, especially for metals or materials like epoxy, concrete, plaster, and clay.",Hardness of the alloy is 507.5 in Vickers scale.,Ultimate tensile strength (UTS) of alloy is 1910.0MPa.,Unknown
0.3590604026845637,Unknown,Atoms arranged in a cube with one at each corner and one at the center. Packing density than FCC ~68%.,Calculated density of the alloy is 9.9 g/cm^3.,Processing method of the alloy is WROUGHT.,Unknown,Alloy as tested at 240.0 Celsius.,Microstructure of alloy is BCC.,Alloy's formula is Hf1 Nb1 Ta1 Ti1 Zr1.,Unknown,Unknown,"Shaping materials through plastic deformation, including rolling, forging, extrusion, or drawing. Commonly applied to metallic alloys for specific shapes, sizes, and mechanical properties.",Unknown,Unknown,Unknown
0.5587732359060402,Experimental density of the alloy is 7.3 g/cm^3.,Atoms arranged in a cube with one at each corner and one at the center. Packing density than FCC ~68%.,Calculated density of the alloy is 7.343754914 g/cm^3.,Processing method of the alloy is CAST.,The alloy was tested in C test.,Alloy as tested at 25.0 Celsius.,Microstructure of alloy is BCC.,Alloy's formula is Mo1 Nb1 Ti1 V1.,Yield Strength (YS) of alloy is 1200.0MPa.,Plastic elongation of the alloy is 25.0%.,"Liquid material poured into a mold, solidifying to form the casting. Used for complex shapes, especially for metals or materials like epoxy, concrete, plaster, and clay.",Hardness of the alloy is 441.0 in Vickers scale.,Unknown,The alloy has 26.0% elongation.
0.5704697986577181,Unknown,Atoms arranged in a cube with one at each corner and one at the center. Packing density than FCC ~68%.,Calculated density of the alloy is 6.6 g/cm^3.,Processing method of the alloy is CAST.,The alloy was tested in C test.,Alloy as tested at 800.0 Celsius.,Microstructure of alloy is BCC.,Alloy's formula is Al1 Cr1 Mo1 Nb1 Ti1.,Yield Strength (YS) of alloy is 860.0MPa.,Unknown,"Liquid material poured into a mold, solidifying to form the casting. Used for complex shapes, especially for metals or materials like epoxy, concrete, plaster, and clay.",Unknown,Ultimate tensile strength (UTS) of alloy is 1000.0MPa.,The alloy has 2.0% elongation.
0.697986577181208,Unknown,Atoms arranged in a cube with one at each corner and one at the center. Packing density than FCC ~68%.,Calculated density of the alloy is 7.3 g/cm^3.,Processing method of the alloy is CAST.,The alloy was tested in C test.,Alloy as tested at 25.0 Celsius.,Microstructure of alloy is BCC.,Alloy's formula is Cr1 Fe1 Ni1 Ti0.5.,Yield Strength (YS) of alloy is 2380.79MPa.,Unknown,"Liquid material poured into a mold, solidifying to form the casting. Used for complex shapes, especially for metals or materials like epoxy, concrete, plaster, and clay.",Hardness of the alloy is 709.6 in Vickers scale.,Unknown,Unknown
0.6959564308724833,Experimental density of the alloy is 7.8 g/cm^3.,Atoms arranged in a cube with one at each corner and one at the center of each face. Packing density ~74%.,Calculated density of the alloy is 7.79697679 g/cm^3.,Unknown,Unknown,Alloy as tested at 25.0 Celsius.,Microstructure of alloy is FCC.,Alloy's formula is Co1.5 Cr1 Fe1 Ni1.5 Ti0.5.,Unknown,Unknown,Unknown,Hardness of the alloy is 509.0 in Vickers scale.,Unknown,Unknown
0.3488406416107382,Experimental density of the alloy is 5.5 g/cm^3.,Atoms arranged in a cube with one at each corner and one at the center. Packing density than FCC ~68%.,Calculated density of the alloy is 5.496265861 g/cm^3.,Unknown,Unknown,Alloy as tested at 800.0 Celsius.,Microstructure of alloy is BCC.,Alloy's formula is Al1 Nb1 Ti1 V1.,Yield Strength (YS) of alloy is 685.0MPa.,Unknown,Unknown,Unknown,Unknown,The alloy has 50.0% elongation.
0.4731543624161073,Unknown,Atoms arranged in a cube with one at each corner and one at the center. Packing density than FCC ~68%.,Calculated density of the alloy is 10.9 g/cm^3.,Processing method of the alloy is CAST.,The alloy was tested in C test.,Alloy as tested at 800.0 Celsius.,Microstructure of alloy is BCC.,Alloy's formula is Hf1 Mo1 Nb1 Ta1 Zr1.,Yield Strength (YS) of alloy is 1005.0MPa.,Unknown,"Liquid material poured into a mold, solidifying to form the casting. Used for complex shapes, especially for metals or materials like epoxy, concrete, plaster, and clay.",Unknown,Unknown,Unknown
