target,PROPERTY: Type of test,PROPERTY: Calculated Density (g/cm$^3$),PROPERTY: Processing method,PROPERTY: HV,PROPERTY: Calculated Young modulus (GPa),PROPERTY: UTS (MPa),PROPERTY: Elongation (%),FORMULA,PROPERTY: Microstructure,PROPERTY: Test temperature ($^\circ$C),PROPERTY: Exp. Density (g/cm$^3$),PROPERTY: Exp. Young modulus (GPa),PROPERTY: Elongation plastic (%)
0.3474171955352851,The alloy was tested in T test.,Calculated density of the alloy is 7.9 g/cm^3.,"Processing method of the alloy is WROUGHT.Shaping materials through plastic deformation, including rolling, forging, extrusion, or drawing. Commonly applied to metallic alloys for specific shapes, sizes, and mechanical properties.",Unknown,Calculated Young modulus of the alloy is 218.0GPa.,Ultimate tensile strength (UTS) of alloy is 1580.0MPa.,The alloy has 46.0% elongation.,Alloy's formula is Co1 Cr1 Fe1 Ni1 Ti0.2.,Microstructure of alloy is FCC.Atoms arranged in a cube with one at each corner and one at the center of each face. Packing density ~74%.The alloy is FCC.,Alloy as tested at -196.0 Celsius.,Unknown,Unknown,Unknown
0.7938078944498084,Unknown,Calculated density of the alloy is 8.088884841 g/cm^3.,Unknown,Unknown,Calculated Young modulus of the alloy is 109.5559669GPa.,Unknown,The alloy has 5.0% elongation.,Alloy's formula is Al0.3 Nb1 Ta1 Ti1.4 Zr1.3.,Microstructure of alloy is BCC.Atoms arranged in a cube with one at each corner and one at the center. Packing density than FCC ~68%.The alloy is BCC.,Alloy as tested at 25.0 Celsius.,Experimental density of the alloy is 8.1 g/cm^3.,Unknown,Unknown
0.2383443550765328,The alloy was tested in C test.,Calculated density of the alloy is 10.4 g/cm^3.,"Processing method of the alloy is CAST.Liquid material poured into a mold, solidifying to form the casting. Used for complex shapes, especially for metals or materials like epoxy, concrete, plaster, and clay.",Unknown,Calculated Young modulus of the alloy is 122.0GPa.,Unknown,Unknown,Alloy's formula is Hf0.26 Nb1 Ta1 Ti0.578 Zr0.416.,Microstructure of alloy is BCC.Atoms arranged in a cube with one at each corner and one at the center. Packing density than FCC ~68%.The alloy is BCC.,Alloy as tested at 300.0 Celsius.,Unknown,Unknown,Unknown
0.1462384009113642,Unknown,Calculated density of the alloy is 8.088884841 g/cm^3.,Unknown,Unknown,Calculated Young modulus of the alloy is 109.5559669GPa.,Unknown,The alloy has 50.0% elongation.,Alloy's formula is Al0.3 Nb1 Ta1 Ti1.4 Zr1.3.,Microstructure of alloy is BCC.Atoms arranged in a cube with one at each corner and one at the center. Packing density than FCC ~68%.The alloy is BCC.,Alloy as tested at 800.0 Celsius.,Experimental density of the alloy is 8.1 g/cm^3.,Unknown,Unknown
0.4463906989145232,Unknown,Calculated density of the alloy is 6.458317279 g/cm^3.,Unknown,Unknown,Calculated Young modulus of the alloy is 100.1988131GPa.,Unknown,The alloy has 50.0% elongation.,Alloy's formula is Nb1 Ti1 V1 Zr1.,Microstructure of alloy is BCC.Atoms arranged in a cube with one at each corner and one at the center. Packing density than FCC ~68%.The alloy is BCC.,Alloy as tested at 25.0 Celsius.,Experimental density of the alloy is 6.3 g/cm^3.,Unknown,Unknown
0.5033509600429829,The alloy was tested in C test.,Calculated density of the alloy is 12.37616704 g/cm^3.,Unknown,Hardness of the alloy is 536.0 in Vickers scale.,Calculated Young modulus of the alloy is 229.2405322GPa.,Ultimate tensile strength (UTS) of alloy is 1270.0MPa.,The alloy has 2.0% elongation.,Alloy's formula is Mo1 Nb1 Ta1 V1 W1.,Microstructure of alloy is BCC.Atoms arranged in a cube with one at each corner and one at the center. Packing density than FCC ~68%.The alloy is BCC.,Alloy as tested at 25.0 Celsius.,Experimental density of the alloy is 12.4 g/cm^3.,Unknown,Unknown
0.1567417114740588,The alloy was tested in C test.,Calculated density of the alloy is 7.6 g/cm^3.,"Processing method of the alloy is CAST.Liquid material poured into a mold, solidifying to form the casting. Used for complex shapes, especially for metals or materials like epoxy, concrete, plaster, and clay.",Unknown,Calculated Young modulus of the alloy is 189.0GPa.,Unknown,The alloy has 5.0% elongation.,Alloy's formula is Al0.5 Co1 Cr1 Cu1 Fe1 Ni1.,Microstructure of alloy is FCC.Atoms arranged in a cube with one at each corner and one at the center of each face. Packing density ~74%.The alloy is FCC.,Alloy as tested at 25.0 Celsius.,Unknown,Unknown,Unknown
0.0848344314679184,The alloy was tested in C test.,Calculated density of the alloy is 10.0 g/cm^3.,"Processing method of the alloy is WROUGHT.Shaping materials through plastic deformation, including rolling, forging, extrusion, or drawing. Commonly applied to metallic alloys for specific shapes, sizes, and mechanical properties.",Unknown,Calculated Young modulus of the alloy is 136.0GPa.,Unknown,Unknown,Alloy's formula is Nb1 Ta1 Ti1.,Microstructure of alloy is BCC.Atoms arranged in a cube with one at each corner and one at the center. Packing density than FCC ~68%.The alloy is BCC.,Alloy as tested at 800.0 Celsius.,Unknown,Unknown,Unknown
0.3797350741897302,The alloy was tested in T test.,Calculated density of the alloy is 9.9 g/cm^3.,"Processing method of the alloy is WROUGHT.Shaping materials through plastic deformation, including rolling, forging, extrusion, or drawing. Commonly applied to metallic alloys for specific shapes, sizes, and mechanical properties.",Unknown,Calculated Young modulus of the alloy is 107.0GPa.,Ultimate tensile strength (UTS) of alloy is 1080.0MPa.,Unknown,Alloy's formula is Hf1 Nb1 Ta1 Ti1 Zr1.,Microstructure of alloy is BCC.Atoms arranged in a cube with one at each corner and one at the center. Packing density than FCC ~68%.The alloy is BCC.,Alloy as tested at 25.0 Celsius.,Unknown,Unknown,Unknown
0.0868542988838212,The alloy was tested in C test.,Calculated density of the alloy is 8.3 g/cm^3.,"Processing method of the alloy is CAST.Liquid material poured into a mold, solidifying to form the casting. Used for complex shapes, especially for metals or materials like epoxy, concrete, plaster, and clay.",Hardness of the alloy is 147.0 in Vickers scale.,Calculated Young modulus of the alloy is 167.0GPa.,Unknown,The alloy has 60.0% elongation.,Alloy's formula is Cu1 Mn1 Ni1 Zn0.333.,Microstructure of alloy is FCC.Atoms arranged in a cube with one at each corner and one at the center of each face. Packing density ~74%.The alloy is FCC.,Alloy as tested at 25.0 Celsius.,Unknown,Unknown,Unknown
0.4120529528441753,The alloy was tested in C test.,Calculated density of the alloy is 5.496265861 g/cm^3.,Unknown,Hardness of the alloy is 448.0 in Vickers scale.,Calculated Young modulus of the alloy is 103.9545112GPa.,Ultimate tensile strength (UTS) of alloy is 1318.0MPa.,The alloy has 5.0% elongation.,Alloy's formula is Al1 Nb1 Ti1 V1.,Microstructure of alloy is BCC.Atoms arranged in a cube with one at each corner and one at the center. Packing density than FCC ~68%.The alloy is BCC.,Alloy as tested at 25.0 Celsius.,Experimental density of the alloy is 5.5 g/cm^3.,Unknown,Unknown
0.0929139011315297,The alloy was tested in C test.,Calculated density of the alloy is 8.331325886 g/cm^3.,Unknown,Hardness of the alloy is 286.0 in Vickers scale.,Calculated Young modulus of the alloy is 206.0965696GPa.,Ultimate tensile strength (UTS) of alloy is 888.0MPa.,The alloy has 51.0% elongation.,Alloy's formula is Co1 Cr1 Cu1 Fe1 Ni1.,Microstructure of alloy is FCC.Atoms arranged in a cube with one at each corner and one at the center of each face. Packing density ~74%.The alloy is FCC.,Alloy as tested at 25.0 Celsius.,Experimental density of the alloy is 8.3 g/cm^3.,Experimental Young modulus of the alloy is 206.0GPa.,Unknown
0.0848344314679184,The alloy was tested in C test.,Calculated density of the alloy is 8.0 g/cm^3.,"Processing method of the alloy is CAST.Liquid material poured into a mold, solidifying to form the casting. Used for complex shapes, especially for metals or materials like epoxy, concrete, plaster, and clay.",Hardness of the alloy is 130.2 in Vickers scale.,Calculated Young modulus of the alloy is 220.0GPa.,Unknown,The alloy has 75.0% elongation.,Alloy's formula is Co1 Cr1 Fe1 Mn1 Ni1.,Microstructure of alloy is FCC.Atoms arranged in a cube with one at each corner and one at the center of each face. Packing density ~74%.The alloy is FCC.,Alloy as tested at 25.0 Celsius.,Unknown,Unknown,Unknown
0.3138873964312982,The alloy was tested in T test.,Calculated density of the alloy is 7.6 g/cm^3.,"Processing method of the alloy is WROUGHT.Shaping materials through plastic deformation, including rolling, forging, extrusion, or drawing. Commonly applied to metallic alloys for specific shapes, sizes, and mechanical properties.",Hardness of the alloy is 142.5 in Vickers scale.,Unknown,Ultimate tensile strength (UTS) of alloy is 810.0MPa.,The alloy has 3.4% elongation.,Alloy's formula is Co0.139 Cr0.446 Cu0.99 Ni1 Si0.277.,Unknown,Alloy as tested at 25.0 Celsius.,Unknown,Unknown,Unknown
0.085238404951099,The alloy was tested in C test.,Calculated density of the alloy is 8.524402703 g/cm^3.,Unknown,Unknown,Calculated Young modulus of the alloy is 206.7823096GPa.,Unknown,The alloy has 30.8% elongation.,Alloy's formula is Co1 Fe1 Ni1.,Microstructure of alloy is FCC.Atoms arranged in a cube with one at each corner and one at the center of each face. Packing density ~74%.The alloy is FCC.,Alloy as tested at 25.0 Celsius.,Experimental density of the alloy is 8.525 g/cm^3.,Unknown,Unknown
0.4524503011622317,Unknown,Calculated density of the alloy is 6.271288576 g/cm^3.,Unknown,Unknown,Calculated Young modulus of the alloy is 156.3263851GPa.,Unknown,Unknown,Alloy's formula is Al2 Co1 Cr1 Cu1 Fe1 Ni1.,Microstructure of alloy is BCC.Atoms arranged in a cube with one at each corner and one at the center. Packing density than FCC ~68%.The alloy is BCC.,Alloy as tested at 500.0 Celsius.,Experimental density of the alloy is 6.3 g/cm^3.,Unknown,Unknown
0.0929139011315297,The alloy was tested in C test.,Calculated density of the alloy is 8.331325886 g/cm^3.,Unknown,Hardness of the alloy is 132.0 in Vickers scale.,Calculated Young modulus of the alloy is 206.0965696GPa.,Unknown,Unknown,Alloy's formula is Co1 Cr1 Cu1 Fe1 Ni1.,Microstructure of alloy is FCC.Atoms arranged in a cube with one at each corner and one at the center of each face. Packing density ~74%.The alloy is FCC.,Alloy as tested at 25.0 Celsius.,Experimental density of the alloy is 8.335 g/cm^3.,Experimental Young modulus of the alloy is 55.6GPa.,Unknown
0.0933178746147102,The alloy was tested in C test.,Calculated density of the alloy is 8.372859777 g/cm^3.,Unknown,Unknown,Calculated Young modulus of the alloy is 202.1994178GPa.,Unknown,The alloy has 38.3% elongation.,Alloy's formula is Co1 Mn1 Ni1.,Microstructure of alloy is FCC.Atoms arranged in a cube with one at each corner and one at the center of each face. Packing density ~74%.The alloy is FCC.,Alloy as tested at 25.0 Celsius.,Experimental density of the alloy is 8.375 g/cm^3.,Unknown,Unknown
0.1922913779939485,The alloy was tested in T test.,Calculated density of the alloy is 7.7 g/cm^3.,"Processing method of the alloy is WROUGHT.Shaping materials through plastic deformation, including rolling, forging, extrusion, or drawing. Commonly applied to metallic alloys for specific shapes, sizes, and mechanical properties.",Unknown,Calculated Young modulus of the alloy is 212.0GPa.,Ultimate tensile strength (UTS) of alloy is 947.0MPa.,The alloy has 69.4% elongation.,Alloy's formula is Co0.25 Cr0.25 Fe1 Mn1.,Microstructure of alloy is FCC.Atoms arranged in a cube with one at each corner and one at the center of each face. Packing density ~74%.The alloy is FCC.,Alloy as tested at 25.0 Celsius.,Unknown,Unknown,Unknown
0.6108079065690128,The alloy was tested in C test.,Calculated density of the alloy is 9.9 g/cm^3.,"Processing method of the alloy is CAST.Liquid material poured into a mold, solidifying to form the casting. Used for complex shapes, especially for metals or materials like epoxy, concrete, plaster, and clay.",Hardness of the alloy is 505.0 in Vickers scale.,Calculated Young modulus of the alloy is 137.0GPa.,Ultimate tensile strength (UTS) of alloy is 1800.0MPa.,The alloy has 30.0% elongation.,Alloy's formula is Hf1 Mo1 Nb1 Ta1 Ti1 Zr1.,Microstructure of alloy is BCC.Atoms arranged in a cube with one at each corner and one at the center. Packing density than FCC ~68%.The alloy is BCC.,Alloy as tested at 25.0 Celsius.,Unknown,Experimental Young modulus of the alloy is 115.0GPa.,Unknown
0.4443708314986204,The alloy was tested in C test.,Calculated density of the alloy is 6.0 g/cm^3.,"Processing method of the alloy is ANNEAL.Heat treatment process for alloys. Involves heating to a specific temperature, holding, and controlled cooling. Used to relieve stresses, improve machinability, enhance mechanical properties, and alter microstructure.",Unknown,Calculated Young modulus of the alloy is 189.0GPa.,Unknown,Unknown,Alloy's formula is Al1 Cr1 Mo1 Ti1.,Microstructure of alloy is BCC.Atoms arranged in a cube with one at each corner and one at the center. Packing density than FCC ~68%.The alloy is BCC.,Alloy as tested at 23.0 Celsius.,Experimental density of the alloy is 5.98 g/cm^3.,Unknown,Unknown
0.4844692394391232,The alloy was tested in T test.,Calculated density of the alloy is 8.0 g/cm^3.,"Processing method of the alloy is WROUGHT.Shaping materials through plastic deformation, including rolling, forging, extrusion, or drawing. Commonly applied to metallic alloys for specific shapes, sizes, and mechanical properties.",Unknown,Calculated Young modulus of the alloy is 220.0GPa.,Ultimate tensile strength (UTS) of alloy is 1335.0MPa.,The alloy has 1.58% elongation.,Alloy's formula is Co1 Cr1 Fe1 Mn1 Ni1.,Microstructure of alloy is FCC.Atoms arranged in a cube with one at each corner and one at the center of each face. Packing density ~74%.The alloy is FCC.,Alloy as tested at 25.0 Celsius.,Unknown,Unknown,Unknown
0.1413907191131974,The alloy was tested in T test.,Calculated density of the alloy is 8.6 g/cm^3.,"Processing method of the alloy is WROUGHT.Shaping materials through plastic deformation, including rolling, forging, extrusion, or drawing. Commonly applied to metallic alloys for specific shapes, sizes, and mechanical properties.",Unknown,Calculated Young modulus of the alloy is 234.0GPa.,Ultimate tensile strength (UTS) of alloy is 918.0MPa.,The alloy has 62.4% elongation.,Alloy's formula is Co1 Cr0.429 Fe0.571 Mo0.286 Ni0.571.,Microstructure of alloy is FCC.Atoms arranged in a cube with one at each corner and one at the center of each face. Packing density ~74%.The alloy is FCC.,Alloy as tested at 25.0 Celsius.,Unknown,Unknown,Unknown
0.3647880553120493,The alloy was tested in T test.,Calculated density of the alloy is 8.186719184 g/cm^3.,Unknown,Hardness of the alloy is 301.0 in Vickers scale.,Calculated Young modulus of the alloy is 103.2079302GPa.,Ultimate tensile strength (UTS) of alloy is 990.0MPa.,The alloy has 19.0% elongation.,Alloy's formula is Hf0.5 Nb0.5 Ta0.5 Ti1.5 Zr1.,Microstructure of alloy is BCC.Atoms arranged in a cube with one at each corner and one at the center. Packing density than FCC ~68%.The alloy is BCC.,Alloy as tested at 25.0 Celsius.,Experimental density of the alloy is 8.2 g/cm^3.,Unknown,Unknown
0.3999337483487584,The alloy was tested in C test.,Calculated density of the alloy is 6.161703106 g/cm^3.,"Processing method of the alloy is CAST.Liquid material poured into a mold, solidifying to form the casting. Used for complex shapes, especially for metals or materials like epoxy, concrete, plaster, and clay.",Unknown,Calculated Young modulus of the alloy is 142.0401973GPa.,Unknown,The alloy has 50.0% elongation.,Alloy's formula is Cr1 Nb1 Ti1.89 V0.56.,Microstructure of alloy is BCC.Atoms arranged in a cube with one at each corner and one at the center. Packing density than FCC ~68%.The alloy is BCC.,Alloy as tested at 25.0 Celsius.,Experimental density of the alloy is 6.17 g/cm^3.,Unknown,Plastic elongation of the alloy is 50.0%.
0.2516754800214914,The alloy was tested in T test.,Calculated density of the alloy is 8.7 g/cm^3.,"Processing method of the alloy is WROUGHT.Shaping materials through plastic deformation, including rolling, forging, extrusion, or drawing. Commonly applied to metallic alloys for specific shapes, sizes, and mechanical properties.",Unknown,Calculated Young modulus of the alloy is 213.0GPa.,Ultimate tensile strength (UTS) of alloy is 746.0MPa.,The alloy has 53.0% elongation.,Alloy's formula is Co1 Cr0.25 Ni1.,Microstructure of alloy is FCC.Atoms arranged in a cube with one at each corner and one at the center of each face. Packing density ~74%.The alloy is FCC.,Alloy as tested at 25.0 Celsius.,Unknown,Experimental Young modulus of the alloy is 223.0GPa.,Unknown
0.1781523060826287,The alloy was tested in T test.,Calculated density of the alloy is 7.3 g/cm^3.,"Processing method of the alloy is CAST.Liquid material poured into a mold, solidifying to form the casting. Used for complex shapes, especially for metals or materials like epoxy, concrete, plaster, and clay.",Unknown,Calculated Young modulus of the alloy is 196.0GPa.,Ultimate tensile strength (UTS) of alloy is 757.0MPa.,The alloy has 45.0% elongation.,Alloy's formula is Al0.25 Cr0.417 Fe0.417 Ni1.,Microstructure of alloy is FCC.Atoms arranged in a cube with one at each corner and one at the center of each face. Packing density ~74%.The alloy is FCC.,Alloy as tested at 25.0 Celsius.,Unknown,Unknown,Unknown
0.5372847326301502,The alloy was tested in C test.,Calculated density of the alloy is 8.794810956 g/cm^3.,"Processing method of the alloy is CAST.Liquid material poured into a mold, solidifying to form the casting. Used for complex shapes, especially for metals or materials like epoxy, concrete, plaster, and clay.",Unknown,Calculated Young modulus of the alloy is 130.4925823GPa.,Unknown,The alloy has 50.0% elongation.,Alloy's formula is Al0.25 Nb1 Ta1 Ti1 V1.,Microstructure of alloy is BCC.Atoms arranged in a cube with one at each corner and one at the center. Packing density than FCC ~68%.The alloy is BCC.,Alloy as tested at 25.0 Celsius.,Experimental density of the alloy is 8.8 g/cm^3.,Experimental Young modulus of the alloy is 92.0GPa.,Plastic elongation of the alloy is 50.0%.
0.4124569263273559,The alloy was tested in C test.,Calculated density of the alloy is 9.3 g/cm^3.,"Processing method of the alloy is CAST.Liquid material poured into a mold, solidifying to form the casting. Used for complex shapes, especially for metals or materials like epoxy, concrete, plaster, and clay.",Unknown,Calculated Young modulus of the alloy is 183.0GPa.,Ultimate tensile strength (UTS) of alloy is 1249.0MPa.,Unknown,Alloy's formula is Al0.2 Mo1 Ta1 Ti1 V1.,Microstructure of alloy is BCC.Atoms arranged in a cube with one at each corner and one at the center. Packing density than FCC ~68%.The alloy is BCC.,Alloy as tested at 25.0 Celsius.,Unknown,Unknown,Unknown
0.7008939933182786,The alloy was tested in C test.,Calculated density of the alloy is 7.050560244 g/cm^3.,Unknown,Unknown,Calculated Young modulus of the alloy is 139.6374891GPa.,Ultimate tensile strength (UTS) of alloy is 3300.0MPa.,The alloy has 20.0% elongation.,Alloy's formula is Mo1 Nb1 Ti1 V1.5 Zr1.,Microstructure of alloy is BCC.Atoms arranged in a cube with one at each corner and one at the center. Packing density than FCC ~68%.The alloy is BCC.,Alloy as tested at 25.0 Celsius.,Experimental density of the alloy is 7.1 g/cm^3.,Unknown,Unknown
0.6160595618503601,The alloy was tested in C test.,Calculated density of the alloy is 10.7 g/cm^3.,"Processing method of the alloy is ANNEAL.Heat treatment process for alloys. Involves heating to a specific temperature, holding, and controlled cooling. Used to relieve stresses, improve machinability, enhance mechanical properties, and alter microstructure.",Hardness of the alloy is 504.0 in Vickers scale.,Calculated Young modulus of the alloy is 186.0GPa.,Ultimate tensile strength (UTS) of alloy is 2400.0MPa.,The alloy has 21.0% elongation.,Alloy's formula is Mo1 Nb1 Ta1 V1.,Microstructure of alloy is BCC.Atoms arranged in a cube with one at each corner and one at the center. Packing density than FCC ~68%.The alloy is BCC.,Alloy as tested at 25.0 Celsius.,Unknown,Unknown,Unknown
0.2945815036700991,The alloy was tested in T test.,Calculated density of the alloy is 8.0 g/cm^3.,"Processing method of the alloy is WROUGHT.Shaping materials through plastic deformation, including rolling, forging, extrusion, or drawing. Commonly applied to metallic alloys for specific shapes, sizes, and mechanical properties.",Unknown,Calculated Young modulus of the alloy is 220.0GPa.,Ultimate tensile strength (UTS) of alloy is 902.0MPa.,The alloy has 42.55% elongation.,Alloy's formula is Co1 Cr1 Fe1 Mn1 Ni1.,Microstructure of alloy is FCC.Atoms arranged in a cube with one at each corner and one at the center of each face. Packing density ~74%.The alloy is FCC.,Alloy as tested at 25.0 Celsius.,Unknown,Unknown,Unknown
0.489211888131663,The alloy was tested in C test.,Calculated density of the alloy is 12.6 g/cm^3.,"Processing method of the alloy is CAST.Liquid material poured into a mold, solidifying to form the casting. Used for complex shapes, especially for metals or materials like epoxy, concrete, plaster, and clay.",Hardness of the alloy is 481.2 in Vickers scale.,Calculated Young modulus of the alloy is 234.0GPa.,Ultimate tensile strength (UTS) of alloy is 1578.0MPa.,Unknown,Alloy's formula is Mo1 Nb1 Ta1 Ti0.5 W1.,Microstructure of alloy is BCC.Atoms arranged in a cube with one at each corner and one at the center. Packing density than FCC ~68%.The alloy is BCC.,Alloy as tested at 25.0 Celsius.,Unknown,Unknown,Unknown
0.6645363798320278,The alloy was tested in C test.,Calculated density of the alloy is 7.464302832 g/cm^3.,"Processing method of the alloy is CAST.Liquid material poured into a mold, solidifying to form the casting. Used for complex shapes, especially for metals or materials like epoxy, concrete, plaster, and clay.",Unknown,Calculated Young modulus of the alloy is 161.2548363GPa.,Unknown,The alloy has 15.0% elongation.,Alloy's formula is Mo1.7 Nb1 Ti1 V1 Zr1.,Microstructure of alloy is BCC.Atoms arranged in a cube with one at each corner and one at the center. Packing density than FCC ~68%.The alloy is BCC.,Alloy as tested at 25.0 Celsius.,Experimental density of the alloy is 7.5 g/cm^3.,Unknown,Plastic elongation of the alloy is 15.0%.
0.3498410364343685,The alloy was tested in C test.,Calculated density of the alloy is 6.5 g/cm^3.,"Processing method of the alloy is ANNEAL.Heat treatment process for alloys. Involves heating to a specific temperature, holding, and controlled cooling. Used to relieve stresses, improve machinability, enhance mechanical properties, and alter microstructure.",Unknown,Calculated Young modulus of the alloy is 96.0GPa.,Unknown,Unknown,Alloy's formula is Nb1 Ti1 V0.3 Zr1.,Microstructure of alloy is BCC.Atoms arranged in a cube with one at each corner and one at the center. Packing density than FCC ~68%.The alloy is BCC.,Alloy as tested at 25.0 Celsius.,Unknown,Unknown,Plastic elongation of the alloy is 45.0%.
0.0789768159618002,The alloy was tested in C test.,Calculated density of the alloy is 7.724929168 g/cm^3.,Unknown,Hardness of the alloy is 149.0 in Vickers scale.,Calculated Young modulus of the alloy is 186.1641344GPa.,Unknown,Unknown,Alloy's formula is Co1 Fe1 Ni1 Si0.25.,Microstructure of alloy is FCC.Atoms arranged in a cube with one at each corner and one at the center of each face. Packing density ~74%.The alloy is FCC.,Alloy as tested at 25.0 Celsius.,Experimental density of the alloy is 7.725 g/cm^3.,Unknown,Unknown
0.192695351477129,Unknown,Calculated density of the alloy is 12.37616704 g/cm^3.,Unknown,Unknown,Calculated Young modulus of the alloy is 229.2405322GPa.,Unknown,The alloy has 40.0% elongation.,Alloy's formula is Mo1 Nb1 Ta1 V1 W1.,Microstructure of alloy is BCC.Atoms arranged in a cube with one at each corner and one at the center. Packing density than FCC ~68%.The alloy is BCC.,Alloy as tested at 1600.0 Celsius.,Experimental density of the alloy is 12.4 g/cm^3.,Unknown,Unknown
0.2827814382263948,The alloy was tested in T test.,Calculated density of the alloy is 7.1 g/cm^3.,Unknown,Unknown,Unknown,Ultimate tensile strength (UTS) of alloy is 1000.0MPa.,The alloy has 9.0% elongation.,Alloy's formula is Al0.451 Co0.451 Cr0.451 Fe0.451 Ni1.,Unknown,Alloy as tested at -192.0 Celsius.,Unknown,Unknown,Unknown
0.3506489834007296,The alloy was tested in C test.,Calculated density of the alloy is 10.0 g/cm^3.,"Processing method of the alloy is ANNEAL.Heat treatment process for alloys. Involves heating to a specific temperature, holding, and controlled cooling. Used to relieve stresses, improve machinability, enhance mechanical properties, and alter microstructure.",Unknown,Calculated Young modulus of the alloy is 179.0GPa.,Unknown,Unknown,Alloy's formula is Mo1 Nb1 Ta1 Ti1.,Microstructure of alloy is BCC.Atoms arranged in a cube with one at each corner and one at the center. Packing density than FCC ~68%.The alloy is BCC.,Alloy as tested at 200.0 Celsius.,Unknown,Unknown,Unknown
0.0242384089908338,The alloy was tested in C test.,Calculated density of the alloy is 9.0 g/cm^3.,"Processing method of the alloy is CAST.Liquid material poured into a mold, solidifying to form the casting. Used for complex shapes, especially for metals or materials like epoxy, concrete, plaster, and clay.",Unknown,Calculated Young modulus of the alloy is 126.0GPa.,Unknown,Unknown,Alloy's formula is Hf1 Mo0.5 Nb1 Ti1 V0.5.,Microstructure of alloy is BCC.Atoms arranged in a cube with one at each corner and one at the center. Packing density than FCC ~68%.The alloy is BCC.,Alloy as tested at 1200.0 Celsius.,Unknown,Unknown,Unknown
1.0551787380676334,The alloy was tested in C test.,Calculated density of the alloy is 12.4 g/cm^3.,"Processing method of the alloy is POWDER.Production and shaping of metallic alloys as powders. Utilizes techniques like powder production, consolidation, and sintering in powder metallurgy. Offers versatility for controlled composition and complex geometries.",Unknown,Calculated Young modulus of the alloy is 229.0GPa.,Ultimate tensile strength (UTS) of alloy is 3472.0MPa.,The alloy has 2.0% elongation.,Alloy's formula is Mo1 Nb1 Ta1 V1 W1.,Microstructure of alloy is BCC.Atoms arranged in a cube with one at each corner and one at the center. Packing density than FCC ~68%.The alloy is BCC.,Alloy as tested at 25.0 Celsius.,Unknown,Unknown,Unknown
0.1636092606881284,Unknown,Calculated density of the alloy is 13.65986331 g/cm^3.,Unknown,Unknown,Calculated Young modulus of the alloy is 250.0231927GPa.,Unknown,The alloy has 40.0% elongation.,Alloy's formula is Mo1 Nb1 Ta1 W1.,Microstructure of alloy is BCC.Atoms arranged in a cube with one at each corner and one at the center. Packing density than FCC ~68%.The alloy is BCC.,Alloy as tested at 1600.0 Celsius.,Experimental density of the alloy is 13.8 g/cm^3.,Unknown,Unknown
0.4140728202600781,The alloy was tested in C test.,Calculated density of the alloy is 6.8 g/cm^3.,"Processing method of the alloy is CAST.Liquid material poured into a mold, solidifying to form the casting. Used for complex shapes, especially for metals or materials like epoxy, concrete, plaster, and clay.",Hardness of the alloy is 318.9 in Vickers scale.,Calculated Young modulus of the alloy is 100.0GPa.,Unknown,The alloy has 50.0% elongation.,Alloy's formula is Hf0.25 Nb0.375 Ti1 V0.5 Zr0.5.,Microstructure of alloy is BCC.Atoms arranged in a cube with one at each corner and one at the center. Packing density than FCC ~68%.The alloy is BCC.,Alloy as tested at 25.0 Celsius.,Unknown,Unknown,Unknown
0.1688609159694757,The alloy was tested in C test.,Calculated density of the alloy is 1.4 g/cm^3.,"Processing method of the alloy is CAST.Liquid material poured into a mold, solidifying to form the casting. Used for complex shapes, especially for metals or materials like epoxy, concrete, plaster, and clay.",Unknown,Unknown,Unknown,The alloy has 13.0% elongation.,Alloy's formula is Al0.429 Ca0.286 Li1 Mg1 Si0.143.,Unknown,Alloy as tested at 25.0 Celsius.,Experimental density of the alloy is 1.57 g/cm^3.,Unknown,Unknown
0.0371655604526118,Unknown,Calculated density of the alloy is 9.893530612 g/cm^3.,Unknown,Unknown,Calculated Young modulus of the alloy is 106.9115089GPa.,Unknown,The alloy has 50.0% elongation.,Alloy's formula is Hf1 Nb1 Ta1 Ti1 Zr1.,Microstructure of alloy is BCC.Atoms arranged in a cube with one at each corner and one at the center. Packing density than FCC ~68%.The alloy is BCC.,Alloy as tested at 1200.0 Celsius.,Experimental density of the alloy is 9.9 g/cm^3.,Unknown,Unknown
0.1619933667554061,The alloy was tested in T test.,Calculated density of the alloy is 7.9 g/cm^3.,"Processing method of the alloy is WROUGHT.Shaping materials through plastic deformation, including rolling, forging, extrusion, or drawing. Commonly applied to metallic alloys for specific shapes, sizes, and mechanical properties.",Unknown,Calculated Young modulus of the alloy is 208.0GPa.,Ultimate tensile strength (UTS) of alloy is 717.0MPa.,The alloy has 49.0% elongation.,Alloy's formula is Co0.286 Cr0.429 Fe1 Mn0.143 Ni0.714 V0.286.,Microstructure of alloy is FCC.Atoms arranged in a cube with one at each corner and one at the center of each face. Packing density ~74%.The alloy is FCC.,Alloy as tested at 25.0 Celsius.,Unknown,Unknown,Unknown
0.1413907191131974,The alloy was tested in T test.,Calculated density of the alloy is 7.9 g/cm^3.,"Processing method of the alloy is WROUGHT.Shaping materials through plastic deformation, including rolling, forging, extrusion, or drawing. Commonly applied to metallic alloys for specific shapes, sizes, and mechanical properties.",Unknown,Calculated Young modulus of the alloy is 208.0GPa.,Ultimate tensile strength (UTS) of alloy is 690.0MPa.,The alloy has 50.0% elongation.,Alloy's formula is Co0.286 Cr0.429 Fe1 Mn0.143 Ni0.714 V0.286.,Microstructure of alloy is FCC.Atoms arranged in a cube with one at each corner and one at the center of each face. Packing density ~74%.The alloy is FCC.,Alloy as tested at 25.0 Celsius.,Unknown,Unknown,Unknown
0.4140728202600781,The alloy was tested in C test.,Calculated density of the alloy is 6.787672183 g/cm^3.,"Processing method of the alloy is CAST.Liquid material poured into a mold, solidifying to form the casting. Used for complex shapes, especially for metals or materials like epoxy, concrete, plaster, and clay.",Unknown,Calculated Young modulus of the alloy is 100.3005773GPa.,Unknown,The alloy has 50.0% elongation.,Alloy's formula is Hf0.5 Nb0.75 Ti2 V1 Zr1.,Microstructure of alloy is BCC.Atoms arranged in a cube with one at each corner and one at the center. Packing density than FCC ~68%.The alloy is BCC.,Alloy as tested at 25.0 Celsius.,Experimental density of the alloy is 6.77 g/cm^3.,Unknown,Plastic elongation of the alloy is 50.0%.
0.6120198270185545,The alloy was tested in C test.,Calculated density of the alloy is 11.0 g/cm^3.,"Processing method of the alloy is CAST.Liquid material poured into a mold, solidifying to form the casting. Used for complex shapes, especially for metals or materials like epoxy, concrete, plaster, and clay.",Unknown,Calculated Young modulus of the alloy is 209.0GPa.,Unknown,Unknown,Alloy's formula is Mo1 Nb1 Ta1 Ti1 V1 W1.,Microstructure of alloy is BCC.Atoms arranged in a cube with one at each corner and one at the center. Packing density than FCC ~68%.The alloy is BCC.,Alloy as tested at 23.0 Celsius.,Experimental density of the alloy is 10.91 g/cm^3.,Unknown,Unknown
0.2407681959756161,The alloy was tested in C test.,Calculated density of the alloy is 12.1 g/cm^3.,"Processing method of the alloy is ANNEAL.Heat treatment process for alloys. Involves heating to a specific temperature, holding, and controlled cooling. Used to relieve stresses, improve machinability, enhance mechanical properties, and alter microstructure.",Unknown,Calculated Young modulus of the alloy is 198.0GPa.,Unknown,Unknown,Alloy's formula is Nb1 Ta1 Ti1 W1.,Microstructure of alloy is BCC.Atoms arranged in a cube with one at each corner and one at the center. Packing density than FCC ~68%.The alloy is BCC.,Alloy as tested at 600.0 Celsius.,Unknown,Unknown,Unknown
0.4282118921713979,The alloy was tested in C test.,Calculated density of the alloy is 5.980795667 g/cm^3.,"Processing method of the alloy is ANNEAL.Heat treatment process for alloys. Involves heating to a specific temperature, holding, and controlled cooling. Used to relieve stresses, improve machinability, enhance mechanical properties, and alter microstructure.",Unknown,Calculated Young modulus of the alloy is 188.9242953GPa.,Unknown,Unknown,Alloy's formula is Al1 Cr1 Mo1 Ti1.,Microstructure of alloy is BCC.Atoms arranged in a cube with one at each corner and one at the center. Packing density than FCC ~68%.The alloy is BCC.,Alloy as tested at 25.0 Celsius.,Experimental density of the alloy is 6.64 g/cm^3.,Unknown,Unknown
0.4257880512723145,The alloy was tested in C test.,Calculated density of the alloy is 12.1 g/cm^3.,"Processing method of the alloy is ANNEAL.Heat treatment process for alloys. Involves heating to a specific temperature, holding, and controlled cooling. Used to relieve stresses, improve machinability, enhance mechanical properties, and alter microstructure.",Unknown,Calculated Young modulus of the alloy is 198.0GPa.,Unknown,Unknown,Alloy's formula is Nb1 Ta1 Ti1 W1.,Microstructure of alloy is BCC.Atoms arranged in a cube with one at each corner and one at the center. Packing density than FCC ~68%.The alloy is BCC.,Alloy as tested at 20.0 Celsius.,Unknown,Unknown,Unknown
0.4459867254313427,The alloy was tested in C test.,Calculated density of the alloy is 6.5 g/cm^3.,"Processing method of the alloy is ANNEAL.Heat treatment process for alloys. Involves heating to a specific temperature, holding, and controlled cooling. Used to relieve stresses, improve machinability, enhance mechanical properties, and alter microstructure.",Unknown,Calculated Young modulus of the alloy is 100.0GPa.,Unknown,Unknown,Alloy's formula is Nb1 Ti1 V1 Zr1.,Microstructure of alloy is BCC.Atoms arranged in a cube with one at each corner and one at the center. Packing density than FCC ~68%.The alloy is BCC.,Alloy as tested at 25.0 Celsius.,Unknown,Unknown,Plastic elongation of the alloy is 50.0%.
0.403973483180564,The alloy was tested in C test.,Calculated density of the alloy is 14.97957603 g/cm^3.,"Processing method of the alloy is CAST.Liquid material poured into a mold, solidifying to form the casting. Used for complex shapes, especially for metals or materials like epoxy, concrete, plaster, and clay.",Unknown,Calculated Young modulus of the alloy is 288.2287913GPa.,Ultimate tensile strength (UTS) of alloy is 1320.0MPa.,The alloy has 1.7% elongation.,Alloy's formula is Mo1 Nb1 Re1 Ta1 W1.,Microstructure of alloy is BCC.Atoms arranged in a cube with one at each corner and one at the center. Packing density than FCC ~68%.The alloy is BCC.,Alloy as tested at 25.0 Celsius.,Experimental density of the alloy is 15.138 g/cm^3.,Unknown,Plastic elongation of the alloy is 1.7%.
0.5191059258870248,The alloy was tested in C test.,Calculated density of the alloy is 7.1 g/cm^3.,Unknown,Unknown,Unknown,Unknown,Unknown,Alloy's formula is Al1 Co1 Cr1 Cu1 Fe1 Ni1.,Unknown,Alloy as tested at 25.0 Celsius.,Unknown,Unknown,Unknown
0.2783377299114086,The alloy was tested in C test.,Calculated density of the alloy is 11.8 g/cm^3.,"Processing method of the alloy is CAST.Liquid material poured into a mold, solidifying to form the casting. Used for complex shapes, especially for metals or materials like epoxy, concrete, plaster, and clay.",Unknown,Calculated Young modulus of the alloy is 222.0GPa.,Ultimate tensile strength (UTS) of alloy is 1681.0MPa.,Unknown,Alloy's formula is Mo1 Nb1 Ta1 Ti1 W1.,Microstructure of alloy is BCC.Atoms arranged in a cube with one at each corner and one at the center. Packing density than FCC ~68%.The alloy is BCC.,Alloy as tested at 600.0 Celsius.,Unknown,Unknown,Unknown
0.3550926917157158,The alloy was tested in T test.,Calculated density of the alloy is 8.4 g/cm^3.,"Processing method of the alloy is CAST.Liquid material poured into a mold, solidifying to form the casting. Used for complex shapes, especially for metals or materials like epoxy, concrete, plaster, and clay.",Unknown,Calculated Young modulus of the alloy is 89.0GPa.,Ultimate tensile strength (UTS) of alloy is 969.0MPa.,Unknown,Alloy's formula is Hf1 Nb1 Ti1 Zr1.,Microstructure of alloy is BCC.Atoms arranged in a cube with one at each corner and one at the center. Packing density than FCC ~68%.The alloy is BCC.,Alloy as tested at 25.0 Celsius.,Unknown,Unknown,Plastic elongation of the alloy is 14.9%.
0.1514900561927115,The alloy was tested in C test.,Calculated density of the alloy is 6.0 g/cm^3.,"Processing method of the alloy is ANNEAL.Heat treatment process for alloys. Involves heating to a specific temperature, holding, and controlled cooling. Used to relieve stresses, improve machinability, enhance mechanical properties, and alter microstructure.",Unknown,Calculated Young modulus of the alloy is 189.0GPa.,Unknown,Unknown,Alloy's formula is Al1 Cr1 Mo1 Ti1.,Microstructure of alloy is BCC.Atoms arranged in a cube with one at each corner and one at the center. Packing density than FCC ~68%.The alloy is BCC.,Alloy as tested at 1000.0 Celsius.,Unknown,Unknown,Unknown
0.4645695056576486,The alloy was tested in C test.,Calculated density of the alloy is 8.4 g/cm^3.,"Processing method of the alloy is WROUGHT.Shaping materials through plastic deformation, including rolling, forging, extrusion, or drawing. Commonly applied to metallic alloys for specific shapes, sizes, and mechanical properties.",Unknown,Calculated Young modulus of the alloy is 100.0GPa.,Unknown,Unknown,Alloy's formula is Hf0.5 Nb0.667 Ta0.333 Ti1 Zr0.833.,Microstructure of alloy is BCC.Atoms arranged in a cube with one at each corner and one at the center. Packing density than FCC ~68%.The alloy is BCC.,Alloy as tested at 25.0 Celsius.,Unknown,Unknown,Unknown
0.1413907191131974,The alloy was tested in T test.,Calculated density of the alloy is 8.4 g/cm^3.,"Processing method of the alloy is CAST.Liquid material poured into a mold, solidifying to form the casting. Used for complex shapes, especially for metals or materials like epoxy, concrete, plaster, and clay.",Unknown,Calculated Young modulus of the alloy is 202.0GPa.,Unknown,Unknown,Alloy's formula is Co0.5 Fe0.5 Mo0.1 Ni1 V0.25.,Microstructure of alloy is FCC.Atoms arranged in a cube with one at each corner and one at the center of each face. Packing density ~74%.The alloy is FCC.,Alloy as tested at -70.0 Celsius.,Unknown,Unknown,Plastic elongation of the alloy is 28.8%.
0.0755430413547654,The alloy was tested in C test.,Calculated density of the alloy is 8.7 g/cm^3.,"Processing method of the alloy is CAST.Liquid material poured into a mold, solidifying to form the casting. Used for complex shapes, especially for metals or materials like epoxy, concrete, plaster, and clay.",Unknown,Calculated Young modulus of the alloy is 128.0GPa.,Unknown,Unknown,Alloy's formula is Hf1 Mo1 Nb1 Ti1 Zr1.,Microstructure of alloy is BCC.Atoms arranged in a cube with one at each corner and one at the center. Packing density than FCC ~68%.The alloy is BCC.,Alloy as tested at 1200.0 Celsius.,Experimental density of the alloy is 8.68 g/cm^3.,Unknown,Unknown
0.1700728364190174,Unknown,Calculated density of the alloy is 7.621679625 g/cm^3.,Unknown,Unknown,Calculated Young modulus of the alloy is 188.9516251GPa.,Unknown,Unknown,Alloy's formula is Al0.5 Co1 Cr1 Cu1 Fe1 Ni1.,Microstructure of alloy is FCC.Atoms arranged in a cube with one at each corner and one at the center of each face. Packing density ~74%.The alloy is FCC.,Alloy as tested at 500.0 Celsius.,Experimental density of the alloy is 7.6 g/cm^3.,Unknown,Unknown
0.161185419789045,The alloy was tested in T test.,Calculated density of the alloy is 7.4 g/cm^3.,"Processing method of the alloy is ANNEAL.Heat treatment process for alloys. Involves heating to a specific temperature, holding, and controlled cooling. Used to relieve stresses, improve machinability, enhance mechanical properties, and alter microstructure.",Unknown,Calculated Young modulus of the alloy is 185.0GPa.,Ultimate tensile strength (UTS) of alloy is 575.0MPa.,The alloy has 9.0% elongation.,Alloy's formula is Al0.278 Co0.694 Cr0.222 Fe0.417 Ni1 Ti0.167.,Microstructure of alloy is FCC.Atoms arranged in a cube with one at each corner and one at the center of each face. Packing density ~74%.The alloy is FCC.,Alloy as tested at 800.0 Celsius.,Unknown,Unknown,Unknown
0.6043443308381238,The alloy was tested in C test.,Calculated density of the alloy is 7.3 g/cm^3.,"Processing method of the alloy is ANNEAL.Heat treatment process for alloys. Involves heating to a specific temperature, holding, and controlled cooling. Used to relieve stresses, improve machinability, enhance mechanical properties, and alter microstructure.",Unknown,Calculated Young modulus of the alloy is 150.0GPa.,Unknown,Unknown,Alloy's formula is Mo1 Nb0.769 Ti0.769 V0.769 Zr0.769.,Microstructure of alloy is BCC.Atoms arranged in a cube with one at each corner and one at the center. Packing density than FCC ~68%.The alloy is BCC.,Alloy as tested at 25.0 Celsius.,Unknown,Unknown,Plastic elongation of the alloy is 30.0%.
0.334490044073507,The alloy was tested in T test.,Calculated density of the alloy is 9.9 g/cm^3.,"Processing method of the alloy is CAST.Liquid material poured into a mold, solidifying to form the casting. Used for complex shapes, especially for metals or materials like epoxy, concrete, plaster, and clay.",Unknown,Calculated Young modulus of the alloy is 107.0GPa.,Ultimate tensile strength (UTS) of alloy is 862.0MPa.,The alloy has 50.0% elongation.,Alloy's formula is Hf1 Nb1 Ta1 Ti1 Zr1.,Microstructure of alloy is BCC.Atoms arranged in a cube with one at each corner and one at the center. Packing density than FCC ~68%.The alloy is BCC.,Alloy as tested at 25.0 Celsius.,Unknown,Unknown,Unknown
0.6665562472479307,The alloy was tested in C test.,Calculated density of the alloy is 7.207997756 g/cm^3.,"Processing method of the alloy is CAST.Liquid material poured into a mold, solidifying to form the casting. Used for complex shapes, especially for metals or materials like epoxy, concrete, plaster, and clay.",Unknown,Calculated Young modulus of the alloy is 141.6122782GPa.,Unknown,The alloy has 28.1% elongation.,Alloy's formula is Mo1 Nb1 Ti1 V0.50 Zr1.,Microstructure of alloy is BCC.Atoms arranged in a cube with one at each corner and one at the center. Packing density than FCC ~68%.The alloy is BCC.,Alloy as tested at 25.0 Celsius.,Experimental density of the alloy is 7.205 g/cm^3.,Unknown,Plastic elongation of the alloy is 18.0%.
0.1333112494495861,The alloy was tested in T test.,Calculated density of the alloy is 8.7 g/cm^3.,"Processing method of the alloy is WROUGHT.Shaping materials through plastic deformation, including rolling, forging, extrusion, or drawing. Commonly applied to metallic alloys for specific shapes, sizes, and mechanical properties.",Unknown,Calculated Young modulus of the alloy is 213.0GPa.,Ultimate tensile strength (UTS) of alloy is 553.0MPa.,The alloy has 101.0% elongation.,Alloy's formula is Co1 Cr0.25 Ni1.,Microstructure of alloy is FCC.Atoms arranged in a cube with one at each corner and one at the center of each face. Packing density ~74%.The alloy is FCC.,Alloy as tested at 25.0 Celsius.,Unknown,Experimental Young modulus of the alloy is 223.0GPa.,Unknown
0.2246092566483936,The alloy was tested in C test.,Calculated density of the alloy is 9.9 g/cm^3.,"Processing method of the alloy is CAST.Liquid material poured into a mold, solidifying to form the casting. Used for complex shapes, especially for metals or materials like epoxy, concrete, plaster, and clay.",Unknown,Calculated Young modulus of the alloy is 137.0GPa.,Unknown,Unknown,Alloy's formula is Hf1 Mo1 Nb1 Ta1 Ti1 Zr1.,Microstructure of alloy is BCC.Atoms arranged in a cube with one at each corner and one at the center. Packing density than FCC ~68%.The alloy is BCC.,Alloy as tested at 1200.0 Celsius.,Experimental density of the alloy is 9.93 g/cm^3.,Unknown,Unknown
0.5539324798720212,The alloy was tested in T test.,Calculated density of the alloy is 8.0 g/cm^3.,"Processing method of the alloy is WROUGHT.Shaping materials through plastic deformation, including rolling, forging, extrusion, or drawing. Commonly applied to metallic alloys for specific shapes, sizes, and mechanical properties.",Unknown,Calculated Young modulus of the alloy is 220.0GPa.,Ultimate tensile strength (UTS) of alloy is 1403.0MPa.,The alloy has 4.31% elongation.,Alloy's formula is Co1 Cr1 Fe1 Mn1 Ni1.,Microstructure of alloy is FCC.Atoms arranged in a cube with one at each corner and one at the center of each face. Packing density ~74%.The alloy is FCC.,Alloy as tested at 25.0 Celsius.,Unknown,Unknown,Unknown
0.7756290877066829,The alloy was tested in C test.,Calculated density of the alloy is 8.4 g/cm^3.,"Processing method of the alloy is WROUGHT.Shaping materials through plastic deformation, including rolling, forging, extrusion, or drawing. Commonly applied to metallic alloys for specific shapes, sizes, and mechanical properties.",Unknown,Calculated Young modulus of the alloy is 100.0GPa.,Unknown,Unknown,Alloy's formula is Hf0.5 Nb0.667 Ta0.333 Ti1 Zr0.833.,Microstructure of alloy is BCC.Atoms arranged in a cube with one at each corner and one at the center. Packing density than FCC ~68%.The alloy is BCC.,Alloy as tested at -196.0 Celsius.,Unknown,Unknown,Unknown
0.615251614883999,The alloy was tested in C test.,Calculated density of the alloy is 6.6 g/cm^3.,Unknown,Unknown,Unknown,Unknown,The alloy has 8.1% elongation.,Alloy's formula is Al1 Co1 Cr1 Cu1 Fe1 Ni1 Ti1.,Unknown,Alloy as tested at 25.0 Celsius.,Unknown,Unknown,Unknown
0.6475694935384442,The alloy was tested in C test.,Calculated density of the alloy is 7.374721493 g/cm^3.,"Processing method of the alloy is CAST.Liquid material poured into a mold, solidifying to form the casting. Used for complex shapes, especially for metals or materials like epoxy, concrete, plaster, and clay.",Unknown,Calculated Young modulus of the alloy is 155.8178991GPa.,Unknown,The alloy has 20.0% elongation.,Alloy's formula is Mo1.5 Nb1 Ti1 V1 Zr1.,Microstructure of alloy is BCC.Atoms arranged in a cube with one at each corner and one at the center. Packing density than FCC ~68%.The alloy is BCC.,Alloy as tested at 25.0 Celsius.,Experimental density of the alloy is 7.4 g/cm^3.,Unknown,Plastic elongation of the alloy is 20.0%.
0.5090065888075107,The alloy was tested in C test.,Calculated density of the alloy is 6.597193785 g/cm^3.,"Processing method of the alloy is CAST.Liquid material poured into a mold, solidifying to form the casting. Used for complex shapes, especially for metals or materials like epoxy, concrete, plaster, and clay.",Hardness of the alloy is 517.0 in Vickers scale.,Calculated Young modulus of the alloy is 151.0042854GPa.,Unknown,The alloy has 8.0% elongation.,Alloy's formula is Al0.75 Mo1 Nb1 Ti1 V1.,Microstructure of alloy is BCC.Atoms arranged in a cube with one at each corner and one at the center. Packing density than FCC ~68%.The alloy is BCC.,Alloy as tested at 25.0 Celsius.,Experimental density of the alloy is 6.6 g/cm^3.,Experimental Young modulus of the alloy is 154.0GPa.,Plastic elongation of the alloy is 7.0%.
0.2504635595719497,The alloy was tested in C test.,Calculated density of the alloy is 11.8 g/cm^3.,"Processing method of the alloy is CAST.Liquid material poured into a mold, solidifying to form the casting. Used for complex shapes, especially for metals or materials like epoxy, concrete, plaster, and clay.",Unknown,Calculated Young modulus of the alloy is 222.0GPa.,Unknown,Unknown,Alloy's formula is Mo1 Nb1 Ta1 Ti1 W1.,Microstructure of alloy is BCC.Atoms arranged in a cube with one at each corner and one at the center. Packing density than FCC ~68%.The alloy is BCC.,Alloy as tested at 1000.0 Celsius.,Experimental density of the alloy is 11.72 g/cm^3.,Unknown,Unknown
0.321562892611729,Unknown,Calculated density of the alloy is 9.088964376 g/cm^3.,Unknown,Unknown,Calculated Young modulus of the alloy is 107.0447572GPa.,Unknown,The alloy has 50.0% elongation.,Alloy's formula is Al0.4 Hf0.6 Nb1 Ta1 Ti1 Zr1.,Microstructure of alloy is BCC.Atoms arranged in a cube with one at each corner and one at the center. Packing density than FCC ~68%.The alloy is BCC.,Alloy as tested at 800.0 Celsius.,Experimental density of the alloy is 9.1 g/cm^3.,Unknown,Unknown
0.6451456526393607,Unknown,Calculated density of the alloy is 7.147250402 g/cm^3.,Unknown,Unknown,Calculated Young modulus of the alloy is 118.2773132GPa.,Unknown,The alloy has 11.0% elongation.,Alloy's formula is Al1 Mo0.5 Nb1 Ta0.5 Ti1 Zr1.,Microstructure of alloy is BCC.Atoms arranged in a cube with one at each corner and one at the center. Packing density than FCC ~68%.The alloy is BCC.,Alloy as tested at 800.0 Celsius.,Experimental density of the alloy is 7.1 g/cm^3.,Unknown,Unknown
0.6261588989298743,The alloy was tested in C test.,Calculated density of the alloy is 11.19531061 g/cm^3.,"Processing method of the alloy is CAST.Liquid material poured into a mold, solidifying to form the casting. Used for complex shapes, especially for metals or materials like epoxy, concrete, plaster, and clay.",Unknown,Calculated Young modulus of the alloy is 148.4958845GPa.,Unknown,The alloy has 26.3% elongation.,Alloy's formula is Hf1 Nb1 Ta1 Ti1 W1 Zr1.,Microstructure of alloy is BCC.Atoms arranged in a cube with one at each corner and one at the center. Packing density than FCC ~68%.The alloy is BCC.,Alloy as tested at 25.0 Celsius.,Experimental density of the alloy is 11.23 g/cm^3.,Unknown,Plastic elongation of the alloy is 24.5%.
0.517086058471122,Unknown,Calculated density of the alloy is 6.848966848 g/cm^3.,Unknown,Unknown,Calculated Young modulus of the alloy is 105.1027635GPa.,Unknown,The alloy has 4.0% elongation.,Alloy's formula is Al1 Nb1.5 Ta0.5 Ti1.5 Zr0.5.,Microstructure of alloy is BCC.Atoms arranged in a cube with one at each corner and one at the center. Packing density than FCC ~68%.The alloy is BCC.,Alloy as tested at 25.0 Celsius.,Experimental density of the alloy is 6.8 g/cm^3.,Unknown,Unknown
0.6625165124161251,The alloy was tested in C test.,Calculated density of the alloy is 6.769776572 g/cm^3.,Unknown,Hardness of the alloy is 569.0 in Vickers scale.,Calculated Young modulus of the alloy is 182.0579107GPa.,Unknown,The alloy has 17.2% elongation.,Alloy's formula is Al1 Co1 Cr1 Fe1 Nb0.1 Ni1.,Microstructure of alloy is BCC.Atoms arranged in a cube with one at each corner and one at the center. Packing density than FCC ~68%.The alloy is BCC.,Alloy as tested at 25.0 Celsius.,Experimental density of the alloy is 6.775 g/cm^3.,Unknown,Unknown
0.3369138849725904,Unknown,Calculated density of the alloy is 6.458317279 g/cm^3.,Unknown,Unknown,Calculated Young modulus of the alloy is 100.1988131GPa.,Unknown,The alloy has 50.0% elongation.,Alloy's formula is Nb1 Ti1 V1 Zr1.,Microstructure of alloy is BCC.Atoms arranged in a cube with one at each corner and one at the center. Packing density than FCC ~68%.The alloy is BCC.,Alloy as tested at 600.0 Celsius.,Experimental density of the alloy is 6.3 g/cm^3.,Unknown,Unknown
0.0929139011315297,The alloy was tested in C test.,Calculated density of the alloy is 8.3 g/cm^3.,Unknown,Hardness of the alloy is 286.0 in Vickers scale.,Calculated Young modulus of the alloy is 206.0GPa.,Ultimate tensile strength (UTS) of alloy is 888.0MPa.,The alloy has 51.0% elongation.,Alloy's formula is Co1 Cr1 Cu1 Fe1 Ni1.,Microstructure of alloy is FCC.Atoms arranged in a cube with one at each corner and one at the center of each face. Packing density ~74%.The alloy is FCC.,Alloy as tested at 25.0 Celsius.,Unknown,Unknown,Unknown
0.3474171955352851,The alloy was tested in C test.,Calculated density of the alloy is 10.9 g/cm^3.,"Processing method of the alloy is ANNEAL.Heat treatment process for alloys. Involves heating to a specific temperature, holding, and controlled cooling. Used to relieve stresses, improve machinability, enhance mechanical properties, and alter microstructure.",Unknown,Calculated Young modulus of the alloy is 119.0GPa.,Unknown,Unknown,Alloy's formula is Hf1 Nb1 Ta1 Ti1.,Microstructure of alloy is BCC.Atoms arranged in a cube with one at each corner and one at the center. Packing density than FCC ~68%.The alloy is BCC.,Alloy as tested at 20.0 Celsius.,Unknown,Unknown,Unknown
0.3041920328349647,The alloy was tested in C test.,Calculated density of the alloy is 11.0 g/cm^3.,"Processing method of the alloy is CAST.Liquid material poured into a mold, solidifying to form the casting. Used for complex shapes, especially for metals or materials like epoxy, concrete, plaster, and clay.",Unknown,Calculated Young modulus of the alloy is 209.0GPa.,Unknown,Unknown,Alloy's formula is Mo1 Nb1 Ta1 Ti1 V1 W1.,Microstructure of alloy is BCC.Atoms arranged in a cube with one at each corner and one at the center. Packing density than FCC ~68%.The alloy is BCC.,Alloy as tested at 1000.0 Celsius.,Experimental density of the alloy is 10.91 g/cm^3.,Unknown,Unknown
0.3272185213762569,The alloy was tested in C test.,Calculated density of the alloy is 5.5 g/cm^3.,"Processing method of the alloy is ANNEAL.Heat treatment process for alloys. Involves heating to a specific temperature, holding, and controlled cooling. Used to relieve stresses, improve machinability, enhance mechanical properties, and alter microstructure.",Unknown,Unknown,Ultimate tensile strength (UTS) of alloy is 1050.0MPa.,Unknown,Alloy's formula is Al1 Nb1 Ti1 V1.,Microstructure of alloy is BCC.Atoms arranged in a cube with one at each corner and one at the center. Packing density than FCC ~68%.The alloy is BCC.,Alloy as tested at 600.0 Celsius.,Unknown,Unknown,Unknown
0.4524503011622317,The alloy was tested in T test.,Calculated density of the alloy is 8.0 g/cm^3.,"Processing method of the alloy is WROUGHT.Shaping materials through plastic deformation, including rolling, forging, extrusion, or drawing. Commonly applied to metallic alloys for specific shapes, sizes, and mechanical properties.",Unknown,Unknown,Unknown,Unknown,Alloy's formula is Co1 Cr1 Fe1 Mn1 Ni1.,Microstructure of alloy is FCC.Atoms arranged in a cube with one at each corner and one at the center of each face. Packing density ~74%.The alloy is FCC.,Alloy as tested at 25.0 Celsius.,Unknown,Unknown,Unknown
0.2367284611438105,The alloy was tested in C test.,Calculated density of the alloy is 11.8 g/cm^3.,"Processing method of the alloy is CAST.Liquid material poured into a mold, solidifying to form the casting. Used for complex shapes, especially for metals or materials like epoxy, concrete, plaster, and clay.",Unknown,Calculated Young modulus of the alloy is 222.0GPa.,Ultimate tensile strength (UTS) of alloy is 814.0MPa.,Unknown,Alloy's formula is Mo1 Nb1 Ta1 Ti1 W1.,Microstructure of alloy is BCC.Atoms arranged in a cube with one at each corner and one at the center. Packing density than FCC ~68%.The alloy is BCC.,Alloy as tested at 1200.0 Celsius.,Unknown,Unknown,Unknown
0.5505108244694819,The alloy was tested in T test.,Calculated density of the alloy is 8.0 g/cm^3.,"Processing method of the alloy is WROUGHT.Shaping materials through plastic deformation, including rolling, forging, extrusion, or drawing. Commonly applied to metallic alloys for specific shapes, sizes, and mechanical properties.",Unknown,Calculated Young modulus of the alloy is 220.0GPa.,Ultimate tensile strength (UTS) of alloy is 1471.0MPa.,The alloy has 19.01% elongation.,Alloy's formula is Co1 Cr1 Fe1 Mn1 Ni1.,Microstructure of alloy is FCC.Atoms arranged in a cube with one at each corner and one at the center of each face. Packing density ~74%.The alloy is FCC.,Alloy as tested at 25.0 Celsius.,Unknown,Unknown,Unknown
0.4334635474527452,The alloy was tested in C test.,Calculated density of the alloy is 9.9 g/cm^3.,"Processing method of the alloy is CAST.Liquid material poured into a mold, solidifying to form the casting. Used for complex shapes, especially for metals or materials like epoxy, concrete, plaster, and clay.",Hardness of the alloy is 295.0 in Vickers scale.,Calculated Young modulus of the alloy is 107.0GPa.,Unknown,Unknown,Alloy's formula is Hf1 Nb1 Ta1 Ti1 Zr1.,Microstructure of alloy is BCC.Atoms arranged in a cube with one at each corner and one at the center. Packing density than FCC ~68%.The alloy is BCC.,Alloy as tested at 25.0 Celsius.,Unknown,Experimental Young modulus of the alloy is 55.0GPa.,Unknown
0.0860463519174601,The alloy was tested in T test.,Calculated density of the alloy is 7.7 g/cm^3.,"Processing method of the alloy is CAST.Liquid material poured into a mold, solidifying to form the casting. Used for complex shapes, especially for metals or materials like epoxy, concrete, plaster, and clay.",Unknown,Calculated Young modulus of the alloy is 212.0GPa.,Ultimate tensile strength (UTS) of alloy is 471.0MPa.,The alloy has 55.7% elongation.,Alloy's formula is Co0.25 Cr0.25 Fe1 Mn1.,Microstructure of alloy is FCC.Atoms arranged in a cube with one at each corner and one at the center of each face. Packing density ~74%.The alloy is FCC.,Alloy as tested at 25.0 Celsius.,Unknown,Unknown,Unknown
0.2290529649633798,Unknown,Calculated density of the alloy is 6.271288576 g/cm^3.,Unknown,Unknown,Calculated Young modulus of the alloy is 156.3263851GPa.,Unknown,Unknown,Alloy's formula is Al2 Co1 Cr1 Cu1 Fe1 Ni1.,Microstructure of alloy is BCC.Atoms arranged in a cube with one at each corner and one at the center. Packing density than FCC ~68%.The alloy is BCC.,Alloy as tested at 700.0 Celsius.,Experimental density of the alloy is 6.3 g/cm^3.,Unknown,Unknown
0.5950529407249708,The alloy was tested in C test.,Calculated density of the alloy is 6.8 g/cm^3.,"Processing method of the alloy is ANNEAL.Heat treatment process for alloys. Involves heating to a specific temperature, holding, and controlled cooling. Used to relieve stresses, improve machinability, enhance mechanical properties, and alter microstructure.",Unknown,Calculated Young modulus of the alloy is 122.0GPa.,Unknown,Unknown,Alloy's formula is Mo0.5 Nb1 Ti1 V1 Zr1.,Microstructure of alloy is BCC.Atoms arranged in a cube with one at each corner and one at the center. Packing density than FCC ~68%.The alloy is BCC.,Alloy as tested at 25.0 Celsius.,Unknown,Unknown,Plastic elongation of the alloy is 32.0%.
0.5696026112845953,The alloy was tested in C test.,Calculated density of the alloy is 6.260628877 g/cm^3.,Unknown,Hardness of the alloy is 472.5 in Vickers scale.,Calculated Young modulus of the alloy is 178.9440311GPa.,Unknown,The alloy has 28.5% elongation.,Alloy's formula is Al1 Cr1 Fe1 Ni1.,Microstructure of alloy is BCC.Atoms arranged in a cube with one at each corner and one at the center. Packing density than FCC ~68%.The alloy is BCC.,Alloy as tested at 25.0 Celsius.,Experimental density of the alloy is 6.262 g/cm^3.,Unknown,Unknown
0.1438145600122808,The alloy was tested in T test.,Calculated density of the alloy is 8.1 g/cm^3.,"Processing method of the alloy is WROUGHT.Shaping materials through plastic deformation, including rolling, forging, extrusion, or drawing. Commonly applied to metallic alloys for specific shapes, sizes, and mechanical properties.",Unknown,Calculated Young modulus of the alloy is 238.0GPa.,Ultimate tensile strength (UTS) of alloy is 588.0MPa.,The alloy has 64.0% elongation.,Alloy's formula is Co0.25 Cr1 Ni1.,Microstructure of alloy is FCC.Atoms arranged in a cube with one at each corner and one at the center of each face. Packing density ~74%.The alloy is FCC.,Alloy as tested at 25.0 Celsius.,Unknown,Experimental Young modulus of the alloy is 240.0GPa.,Unknown
0.2431920368746995,The alloy was tested in T test.,Calculated density of the alloy is 7.8 g/cm^3.,"Processing method of the alloy is WROUGHT.Shaping materials through plastic deformation, including rolling, forging, extrusion, or drawing. Commonly applied to metallic alloys for specific shapes, sizes, and mechanical properties.",Unknown,Unknown,Ultimate tensile strength (UTS) of alloy is 1123.0MPa.,The alloy has 51.0% elongation.,Alloy's formula is Co1 Ni1 V1.,Unknown,Alloy as tested at 25.0 Celsius.,Unknown,Unknown,Unknown
0.5950529407249708,The alloy was tested in C test.,Calculated density of the alloy is 6.822863505 g/cm^3.,"Processing method of the alloy is CAST.Liquid material poured into a mold, solidifying to form the casting. Used for complex shapes, especially for metals or materials like epoxy, concrete, plaster, and clay.",Unknown,Calculated Young modulus of the alloy is 122.3241237GPa.,Unknown,The alloy has 32.0% elongation.,Alloy's formula is Mo0.5 Nb1 Ti1 V1 Zr1.,Microstructure of alloy is BCC.Atoms arranged in a cube with one at each corner and one at the center. Packing density than FCC ~68%.The alloy is BCC.,Alloy as tested at 25.0 Celsius.,Experimental density of the alloy is 6.8 g/cm^3.,Unknown,Plastic elongation of the alloy is 32.0%.
0.6362582360093884,The alloy was tested in C test.,Calculated density of the alloy is 8.7 g/cm^3.,"Processing method of the alloy is CAST.Liquid material poured into a mold, solidifying to form the casting. Used for complex shapes, especially for metals or materials like epoxy, concrete, plaster, and clay.",Unknown,Calculated Young modulus of the alloy is 128.0GPa.,Unknown,Unknown,Alloy's formula is Hf1 Mo1 Nb1 Ti1 Zr1.,Microstructure of alloy is BCC.Atoms arranged in a cube with one at each corner and one at the center. Packing density than FCC ~68%.The alloy is BCC.,Alloy as tested at 23.0 Celsius.,Experimental density of the alloy is 8.68 g/cm^3.,Unknown,Unknown
0.2738940215964224,Unknown,Calculated density of the alloy is 7.706514339 g/cm^3.,Unknown,Unknown,Calculated Young modulus of the alloy is 107.1964186GPa.,Unknown,The alloy has 50.0% elongation.,Alloy's formula is Al0.3 Nb1 Ta0.8 Ti1.4 V0.2 Zr1.3.,Microstructure of alloy is BCC.Atoms arranged in a cube with one at each corner and one at the center. Packing density than FCC ~68%.The alloy is BCC.,Alloy as tested at 800.0 Celsius.,Experimental density of the alloy is 7.7 g/cm^3.,Unknown,Unknown
0.3898344112692443,The alloy was tested in C test.,Calculated density of the alloy is 9.2 g/cm^3.,"Processing method of the alloy is CAST.Liquid material poured into a mold, solidifying to form the casting. Used for complex shapes, especially for metals or materials like epoxy, concrete, plaster, and clay.",Unknown,Calculated Young modulus of the alloy is 134.0GPa.,Unknown,Unknown,Alloy's formula is Nb1 Ta1 Ti1 V1.,Microstructure of alloy is BCC.Atoms arranged in a cube with one at each corner and one at the center. Packing density than FCC ~68%.The alloy is BCC.,Alloy as tested at 25.0 Celsius.,Unknown,Unknown,Unknown
0.2565231618196582,Unknown,Calculated density of the alloy is 8.685086263 g/cm^3.,Unknown,Unknown,Calculated Young modulus of the alloy is 127.9212828GPa.,Unknown,The alloy has 50.0% elongation.,Alloy's formula is Hf1 Mo1 Nb1 Ti1 Zr1.,Microstructure of alloy is BCC.Atoms arranged in a cube with one at each corner and one at the center. Packing density than FCC ~68%.The alloy is BCC.,Alloy as tested at 1000.0 Celsius.,Experimental density of the alloy is 8.7 g/cm^3.,Unknown,Unknown
0.5332449977983446,The alloy was tested in C test.,Calculated density of the alloy is 11.06162515 g/cm^3.,"Processing method of the alloy is CAST.Liquid material poured into a mold, solidifying to form the casting. Used for complex shapes, especially for metals or materials like epoxy, concrete, plaster, and clay.",Unknown,Calculated Young modulus of the alloy is 104.9436304GPa.,Unknown,The alloy has 34.0% elongation.,Alloy's formula is Hf1 Nb1 Ta1 Zr1.,Microstructure of alloy is BCC.Atoms arranged in a cube with one at each corner and one at the center. Packing density than FCC ~68%.The alloy is BCC.,Alloy as tested at 25.0 Celsius.,Experimental density of the alloy is 11.3 g/cm^3.,Unknown,Plastic elongation of the alloy is 32.0%.
0.7938078944498084,The alloy was tested in C test.,Calculated density of the alloy is 7.706514339 g/cm^3.,Unknown,Hardness of the alloy is 500.0 in Vickers scale.,Calculated Young modulus of the alloy is 107.1964186GPa.,Ultimate tensile strength (UTS) of alloy is 2061.0MPa.,The alloy has 5.0% elongation.,Alloy's formula is Al0.3 Nb1 Ta0.8 Ti1.4 V0.2 Zr1.3.,Microstructure of alloy is BCC.Atoms arranged in a cube with one at each corner and one at the center. Packing density than FCC ~68%.The alloy is BCC.,Alloy as tested at 25.0 Celsius.,Experimental density of the alloy is 7.7 g/cm^3.,Unknown,Unknown
0.5211257933029276,The alloy was tested in T test.,Calculated density of the alloy is 8.0 g/cm^3.,"Processing method of the alloy is WROUGHT.Shaping materials through plastic deformation, including rolling, forging, extrusion, or drawing. Commonly applied to metallic alloys for specific shapes, sizes, and mechanical properties.",Unknown,Calculated Young modulus of the alloy is 220.0GPa.,Ultimate tensile strength (UTS) of alloy is 1415.0MPa.,The alloy has 1.1% elongation.,Alloy's formula is Co0.986 Cr0.952 Fe0.933 Mn0.914 Ni1.,Microstructure of alloy is BCC.Atoms arranged in a cube with one at each corner and one at the center. Packing density than FCC ~68%.The alloy is BCC.,Alloy as tested at 25.0 Celsius.,Unknown,Unknown,Unknown
0.3453973281193823,Unknown,Calculated density of the alloy is 10.19147746 g/cm^3.,Unknown,Unknown,Calculated Young modulus of the alloy is 142.9802846GPa.,Unknown,The alloy has 30.0% elongation.,Alloy's formula is Hf1 Mo1 Ta1 Ti1 Zr1.,Microstructure of alloy is BCC.Atoms arranged in a cube with one at each corner and one at the center. Packing density than FCC ~68%.The alloy is BCC.,Alloy as tested at 1000.0 Celsius.,Experimental density of the alloy is 10.21 g/cm^3.,Unknown,Unknown
0.3482251425016462,Unknown,Calculated density of the alloy is 12.37616704 g/cm^3.,Unknown,Unknown,Calculated Young modulus of the alloy is 229.2405322GPa.,Unknown,The alloy has 13.0% elongation.,Alloy's formula is Mo1 Nb1 Ta1 V1 W1.,Microstructure of alloy is BCC.Atoms arranged in a cube with one at each corner and one at the center. Packing density than FCC ~68%.The alloy is BCC.,Alloy as tested at 600.0 Celsius.,Experimental density of the alloy is 12.4 g/cm^3.,Unknown,Unknown
0.7437151825354185,The alloy was tested in C test.,Calculated density of the alloy is 9.088964376 g/cm^3.,Unknown,Hardness of the alloy is 500.0 in Vickers scale.,Calculated Young modulus of the alloy is 107.0447572GPa.,Ultimate tensile strength (UTS) of alloy is 2269.0MPa.,The alloy has 10.0% elongation.,Alloy's formula is Al0.4 Hf0.6 Nb1 Ta1 Ti1 Zr1.,Microstructure of alloy is BCC.Atoms arranged in a cube with one at each corner and one at the center. Packing density than FCC ~68%.The alloy is BCC.,Alloy as tested at 25.0 Celsius.,Experimental density of the alloy is 9.1 g/cm^3.,Unknown,Unknown
0.5655628764527897,The alloy was tested in C test.,Calculated density of the alloy is 9.368307877 g/cm^3.,"Processing method of the alloy is CAST.Liquid material poured into a mold, solidifying to form the casting. Used for complex shapes, especially for metals or materials like epoxy, concrete, plaster, and clay.",Unknown,Calculated Young modulus of the alloy is 170.7411036GPa.,Unknown,The alloy has 33.0% elongation.,Alloy's formula is Mo1 Nb1 Ta1 Ti1 V1.,Microstructure of alloy is BCC.Atoms arranged in a cube with one at each corner and one at the center. Packing density than FCC ~68%.The alloy is BCC.,Alloy as tested at 25.0 Celsius.,Experimental density of the alloy is 9.29 g/cm^3.,Unknown,Plastic elongation of the alloy is 33.0%.
0.2504635595719497,The alloy was tested in C test.,Calculated density of the alloy is 7.824929394 g/cm^3.,Unknown,Hardness of the alloy is 186.0 in Vickers scale.,Calculated Young modulus of the alloy is 210.1041187GPa.,Unknown,The alloy has 75.0% elongation.,Alloy's formula is Co1 Cr1 Fe1 Mn1 Ni1 V0.5.,Microstructure of alloy is FCC.Atoms arranged in a cube with one at each corner and one at the center of each face. Packing density ~74%.The alloy is FCC.,Alloy as tested at 25.0 Celsius.,Experimental density of the alloy is 7.825 g/cm^3.,Unknown,Unknown
0.6108079065690128,The alloy was tested in C test.,Calculated density of the alloy is 9.9 g/cm^3.,"Processing method of the alloy is CAST.Liquid material poured into a mold, solidifying to form the casting. Used for complex shapes, especially for metals or materials like epoxy, concrete, plaster, and clay.",Hardness of the alloy is 505.0 in Vickers scale.,Calculated Young modulus of the alloy is 137.0GPa.,Unknown,Unknown,Alloy's formula is Hf1 Mo1 Nb1 Ta1 Ti1 Zr1.,Microstructure of alloy is BCC.Atoms arranged in a cube with one at each corner and one at the center. Packing density than FCC ~68%.The alloy is BCC.,Alloy as tested at 25.0 Celsius.,Unknown,Unknown,Unknown
0.4274039452050368,The alloy was tested in C test.,Calculated density of the alloy is 13.65986331 g/cm^3.,Unknown,Hardness of the alloy is 454.0 in Vickers scale.,Calculated Young modulus of the alloy is 250.0231927GPa.,Ultimate tensile strength (UTS) of alloy is 1211.0MPa.,The alloy has 2.0% elongation.,Alloy's formula is Mo1 Nb1 Ta1 W1.,Microstructure of alloy is BCC.Atoms arranged in a cube with one at each corner and one at the center. Packing density than FCC ~68%.The alloy is BCC.,Alloy as tested at 25.0 Celsius.,Experimental density of the alloy is 13.7 g/cm^3.,Unknown,Unknown
0.321562892611729,Unknown,Calculated density of the alloy is 7.557222162 g/cm^3.,Unknown,Unknown,Calculated Young modulus of the alloy is 108.974285GPa.,Unknown,The alloy has 50.0% elongation.,Alloy's formula is Al0.5 Nb1 Ta0.8 Ti1.5 V0.2 Zr1.,Microstructure of alloy is BCC.Atoms arranged in a cube with one at each corner and one at the center. Packing density than FCC ~68%.The alloy is BCC.,Alloy as tested at 800.0 Celsius.,Experimental density of the alloy is 7.6 g/cm^3.,Unknown,Unknown
0.1211920449541692,The alloy was tested in T test.,Calculated density of the alloy is 8.3 g/cm^3.,"Processing method of the alloy is WROUGHT.Shaping materials through plastic deformation, including rolling, forging, extrusion, or drawing. Commonly applied to metallic alloys for specific shapes, sizes, and mechanical properties.",Unknown,Unknown,Ultimate tensile strength (UTS) of alloy is 860.0MPa.,The alloy has 60.0% elongation.,Alloy's formula is Co1 Cr1 Ni1.,Microstructure of alloy is FCC.Atoms arranged in a cube with one at each corner and one at the center of each face. Packing density ~74%.The alloy is FCC.,Alloy as tested at 25.0 Celsius.,Unknown,Unknown,Unknown
0.6907946562387646,The alloy was tested in C test.,Calculated density of the alloy is 7.163833007 g/cm^3.,"Processing method of the alloy is CAST.Liquid material poured into a mold, solidifying to form the casting. Used for complex shapes, especially for metals or materials like epoxy, concrete, plaster, and clay.",Unknown,Calculated Young modulus of the alloy is 141.0583056GPa.,Unknown,The alloy has 29.3% elongation.,Alloy's formula is Mo1 Nb1 Ti1 V0.75 Zr1.,Microstructure of alloy is BCC.Atoms arranged in a cube with one at each corner and one at the center. Packing density than FCC ~68%.The alloy is BCC.,Alloy as tested at 25.0 Celsius.,Experimental density of the alloy is 7.165 g/cm^3.,Unknown,Plastic elongation of the alloy is 15.5%.
0.0755430413547654,The alloy was tested in C test.,Calculated density of the alloy is 8.7 g/cm^3.,"Processing method of the alloy is ANNEAL.Heat treatment process for alloys. Involves heating to a specific temperature, holding, and controlled cooling. Used to relieve stresses, improve machinability, enhance mechanical properties, and alter microstructure.",Unknown,Calculated Young modulus of the alloy is 128.0GPa.,Ultimate tensile strength (UTS) of alloy is 194.0MPa.,Unknown,Alloy's formula is Hf1 Mo1 Nb1 Ti1 Zr1.,Microstructure of alloy is BCC.Atoms arranged in a cube with one at each corner and one at the center. Packing density than FCC ~68%.The alloy is BCC.,Alloy as tested at 1200.0 Celsius.,Unknown,Unknown,Unknown
0.0844304579847378,The alloy was tested in C test.,Calculated density of the alloy is 8.524402703 g/cm^3.,Unknown,Hardness of the alloy is 125.0 in Vickers scale.,Calculated Young modulus of the alloy is 206.7823096GPa.,Unknown,Unknown,Alloy's formula is Co1 Fe1 Ni1.,Microstructure of alloy is FCC.Atoms arranged in a cube with one at each corner and one at the center of each face. Packing density ~74%.The alloy is FCC.,Alloy as tested at 25.0 Celsius.,Experimental density of the alloy is 8.5 g/cm^3.,Unknown,Unknown
0.0822086038272447,The alloy was tested in C test.,Calculated density of the alloy is 8.524402703 g/cm^3.,Unknown,Hardness of the alloy is 124.5 in Vickers scale.,Calculated Young modulus of the alloy is 206.7823096GPa.,Unknown,Unknown,Alloy's formula is Co1 Fe1 Ni1.,Microstructure of alloy is FCC.Atoms arranged in a cube with one at each corner and one at the center of each face. Packing density ~74%.The alloy is FCC.,Alloy as tested at 25.0 Celsius.,Experimental density of the alloy is 8.525 g/cm^3.,Unknown,Unknown
0.2100662112538933,The alloy was tested in T test.,Calculated density of the alloy is 8.0 g/cm^3.,"Processing method of the alloy is WROUGHT.Shaping materials through plastic deformation, including rolling, forging, extrusion, or drawing. Commonly applied to metallic alloys for specific shapes, sizes, and mechanical properties.",Unknown,Unknown,Unknown,Unknown,Alloy's formula is Co1 Cr1 Fe1 Mn1 Ni1.,Microstructure of alloy is FCC.Atoms arranged in a cube with one at each corner and one at the center of each face. Packing density ~74%.The alloy is FCC.,Alloy as tested at 25.0 Celsius.,Unknown,Unknown,Plastic elongation of the alloy is 20.3%.
0.1381589312477529,The alloy was tested in C test.,Calculated density of the alloy is 1.4 g/cm^3.,"Processing method of the alloy is CAST.Liquid material poured into a mold, solidifying to form the casting. Used for complex shapes, especially for metals or materials like epoxy, concrete, plaster, and clay.",Unknown,Unknown,Unknown,The alloy has 44.0% elongation.,Alloy's formula is Al0.333 Ca0.011 Li0.844 Mg1 Si0.033.,Unknown,Alloy as tested at 25.0 Celsius.,Experimental density of the alloy is 1.5 g/cm^3.,Unknown,Unknown
0.6629204858993056,The alloy was tested in C test.,Calculated density of the alloy is 6.8 g/cm^3.,"Processing method of the alloy is CAST.Liquid material poured into a mold, solidifying to form the casting. Used for complex shapes, especially for metals or materials like epoxy, concrete, plaster, and clay.",Hardness of the alloy is 569.0 in Vickers scale.,Calculated Young modulus of the alloy is 182.0GPa.,Ultimate tensile strength (UTS) of alloy is 3285.0MPa.,Unknown,Alloy's formula is Al1 Co1 Cr1 Fe1 Nb0.1 Ni1.,Microstructure of alloy is BCC.Atoms arranged in a cube with one at each corner and one at the center. Packing density than FCC ~68%.The alloy is BCC.,Alloy as tested at 25.0 Celsius.,Unknown,Unknown,Plastic elongation of the alloy is 17.0%.
0.5534436719573728,The alloy was tested in C test.,Calculated density of the alloy is 9.928762404 g/cm^3.,"Processing method of the alloy is CAST.Liquid material poured into a mold, solidifying to form the casting. Used for complex shapes, especially for metals or materials like epoxy, concrete, plaster, and clay.",Unknown,Calculated Young modulus of the alloy is 130.2953678GPa.,Unknown,The alloy has 50.0% elongation.,Alloy's formula is Hf1 Mo0.75 Nb1 Ta1 Ti1 Zr1.,Microstructure of alloy is BCC.Atoms arranged in a cube with one at each corner and one at the center. Packing density than FCC ~68%.The alloy is BCC.,Alloy as tested at 25.0 Celsius.,Experimental density of the alloy is 9.97 g/cm^3.,Experimental Young modulus of the alloy is 109.0GPa.,Plastic elongation of the alloy is 50.0%.
0.2246092566483936,Unknown,Calculated density of the alloy is 9.938913534 g/cm^3.,Unknown,Unknown,Calculated Young modulus of the alloy is 137.0328224GPa.,Unknown,The alloy has 30.0% elongation.,Alloy's formula is Hf1 Mo1 Nb1 Ta1 Ti1 Zr1.,Microstructure of alloy is BCC.Atoms arranged in a cube with one at each corner and one at the center. Packing density than FCC ~68%.The alloy is BCC.,Alloy as tested at 1200.0 Celsius.,Experimental density of the alloy is 9.95 g/cm^3.,Unknown,Unknown
0.3958940135169527,The alloy was tested in C test.,Calculated density of the alloy is 6.866942619 g/cm^3.,"Processing method of the alloy is CAST.Liquid material poured into a mold, solidifying to form the casting. Used for complex shapes, especially for metals or materials like epoxy, concrete, plaster, and clay.",Unknown,Calculated Young modulus of the alloy is 100.5085826GPa.,Unknown,The alloy has 50.0% elongation.,Alloy's formula is Hf0.5 Nb1 Ti2 V1 Zr1.,Microstructure of alloy is BCC.Atoms arranged in a cube with one at each corner and one at the center. Packing density than FCC ~68%.The alloy is BCC.,Alloy as tested at 25.0 Celsius.,Experimental density of the alloy is 6.84 g/cm^3.,Unknown,Plastic elongation of the alloy is 50.0%.
0.5033509600429829,The alloy was tested in C test.,Calculated density of the alloy is 12.37616704 g/cm^3.,"Processing method of the alloy is CAST.Liquid material poured into a mold, solidifying to form the casting. Used for complex shapes, especially for metals or materials like epoxy, concrete, plaster, and clay.",Hardness of the alloy is 535.5 in Vickers scale.,Calculated Young modulus of the alloy is 229.2405322GPa.,Unknown,The alloy has 1.7% elongation.,Alloy's formula is Mo1 Nb1 Ta1 V1 W1.,Microstructure of alloy is BCC.Atoms arranged in a cube with one at each corner and one at the center. Packing density than FCC ~68%.The alloy is BCC.,Alloy as tested at 25.0 Celsius.,Experimental density of the alloy is 12.4 g/cm^3.,Unknown,Plastic elongation of the alloy is 1.7%.
0.0791788027033905,The alloy was tested in C test.,Calculated density of the alloy is 7.7 g/cm^3.,"Processing method of the alloy is CAST.Liquid material poured into a mold, solidifying to form the casting. Used for complex shapes, especially for metals or materials like epoxy, concrete, plaster, and clay.",Hardness of the alloy is 149.0 in Vickers scale.,Calculated Young modulus of the alloy is 186.0GPa.,Unknown,Unknown,Alloy's formula is Co1 Fe1 Ni1 Si0.25.,Microstructure of alloy is FCC.Atoms arranged in a cube with one at each corner and one at the center of each face. Packing density ~74%.The alloy is FCC.,Alloy as tested at 25.0 Celsius.,Unknown,Unknown,Unknown
0.527185395550636,The alloy was tested in C test.,Calculated density of the alloy is 12.15284498 g/cm^3.,Unknown,Hardness of the alloy is 495.6 in Vickers scale.,Calculated Young modulus of the alloy is 227.9760874GPa.,Ultimate tensile strength (UTS) of alloy is 1593.0MPa.,The alloy has 8.4% elongation.,Alloy's formula is Mo1 Nb1 Ta1 Ti0.75 W1.,Microstructure of alloy is BCC.Atoms arranged in a cube with one at each corner and one at the center. Packing density than FCC ~68%.The alloy is BCC.,Alloy as tested at 25.0 Celsius.,Unknown,Unknown,Unknown
0.113920522256919,The alloy was tested in C test.,Calculated density of the alloy is 8.066118534 g/cm^3.,Unknown,Unknown,Calculated Young modulus of the alloy is 222.1443966GPa.,Unknown,The alloy has 43.8% elongation.,Alloy's formula is Co1 Cr1 Mn1 Ni1.,Microstructure of alloy is FCC.Atoms arranged in a cube with one at each corner and one at the center of each face. Packing density ~74%.The alloy is FCC.,Alloy as tested at 25.0 Celsius.,Experimental density of the alloy is 8.065 g/cm^3.,Unknown,Unknown
0.7392714742204323,The alloy was tested in C test.,Calculated density of the alloy is 6.009026544 g/cm^3.,Unknown,Unknown,Calculated Young modulus of the alloy is 162.1135755GPa.,Unknown,The alloy has 3.0% elongation.,Alloy's formula is Al1 Co1 Cr1 Fe1 Ni1 Si0.6.,Microstructure of alloy is BCC.Atoms arranged in a cube with one at each corner and one at the center. Packing density than FCC ~68%.The alloy is BCC.,Alloy as tested at 25.0 Celsius.,Experimental density of the alloy is 6.005 g/cm^3.,Unknown,Unknown
0.4504304337463289,The alloy was tested in C test.,Calculated density of the alloy is 6.6 g/cm^3.,"Processing method of the alloy is CAST.Liquid material poured into a mold, solidifying to form the casting. Used for complex shapes, especially for metals or materials like epoxy, concrete, plaster, and clay.",Hardness of the alloy is 332.4 in Vickers scale.,Calculated Young modulus of the alloy is 100.0GPa.,Unknown,The alloy has 50.0% elongation.,Alloy's formula is Hf0.25 Nb0.125 Ti1 V0.5 Zr0.5.,Microstructure of alloy is BCC.Atoms arranged in a cube with one at each corner and one at the center. Packing density than FCC ~68%.The alloy is BCC.,Alloy as tested at 25.0 Celsius.,Unknown,Unknown,Unknown
0.18623177574624,The alloy was tested in T test.,Calculated density of the alloy is 7.4 g/cm^3.,"Processing method of the alloy is ANNEAL.Heat treatment process for alloys. Involves heating to a specific temperature, holding, and controlled cooling. Used to relieve stresses, improve machinability, enhance mechanical properties, and alter microstructure.",Unknown,Unknown,Ultimate tensile strength (UTS) of alloy is 560.0MPa.,The alloy has 12.0% elongation.,Alloy's formula is Al0.278 Co0.694 Cr0.222 Fe0.417 Ni1 Ti0.167.,Microstructure of alloy is FCC.Atoms arranged in a cube with one at each corner and one at the center of each face. Packing density ~74%.The alloy is FCC.,Alloy as tested at 700.0 Celsius.,Unknown,Unknown,Unknown
0.2100662112538933,The alloy was tested in T test.,Calculated density of the alloy is 7.4 g/cm^3.,"Processing method of the alloy is ANNEAL.Heat treatment process for alloys. Involves heating to a specific temperature, holding, and controlled cooling. Used to relieve stresses, improve machinability, enhance mechanical properties, and alter microstructure.",Unknown,Unknown,Ultimate tensile strength (UTS) of alloy is 696.0MPa.,Unknown,Alloy's formula is Al0.278 Co0.694 Cr0.222 Fe0.417 Ni1 Ti0.167.,Microstructure of alloy is FCC.Atoms arranged in a cube with one at each corner and one at the center of each face. Packing density ~74%.The alloy is FCC.,Alloy as tested at 23.0 Celsius.,Unknown,Unknown,Unknown
0.5090065888075107,The alloy was tested in C test.,Calculated density of the alloy is 6.45294893 g/cm^3.,Unknown,Unknown,Calculated Young modulus of the alloy is 175.9990498GPa.,Unknown,The alloy has 14.0% elongation.,Alloy's formula is Al1 Co1 Cr1 Fe1 Ni1 Si0.2.,Microstructure of alloy is BCC.Atoms arranged in a cube with one at each corner and one at the center. Packing density than FCC ~68%.The alloy is BCC.,Alloy as tested at 25.0 Celsius.,Experimental density of the alloy is 6.455 g/cm^3.,Unknown,Unknown
0.4932516229634687,The alloy was tested in C test.,Calculated density of the alloy is 9.6 g/cm^3.,"Processing method of the alloy is CAST.Liquid material poured into a mold, solidifying to form the casting. Used for complex shapes, especially for metals or materials like epoxy, concrete, plaster, and clay.",Unknown,Calculated Young modulus of the alloy is 189.0GPa.,Ultimate tensile strength (UTS) of alloy is 1454.0MPa.,Unknown,Alloy's formula is Mo1 Ta1 Ti1 V1.,Microstructure of alloy is BCC.Atoms arranged in a cube with one at each corner and one at the center. Packing density than FCC ~68%.The alloy is BCC.,Alloy as tested at 25.0 Celsius.,Unknown,Unknown,Unknown
